"","V1","V2","V3","V4","V5","V6","V7","V8","V9","V10"
"1",15,9,11,9,1,5,2,1,11,4
"2",17,19,11,9,1,5,2,1,11,4
"3",18,1,16,15,5,16,8,20,19,18
"4",20,18,2,14,2,7,19,8,10,10
"5",15,9,11,9,1,5,2,1,11,4
"6",20,18,2,14,2,7,19,8,10,10
"7",20,18,2,14,2,7,19,8,10,10
"8",15,9,11,9,1,5,2,1,11,4
"9",12,9,11,1,7,8,13,2,5,7
"10",15,9,11,9,1,5,2,1,11,4
"11",15,9,11,9,1,5,2,1,11,4
"12",17,19,11,10,1,5,2,1,11,4
"13",15,9,11,9,1,5,2,1,11,4
"14",15,9,11,9,1,5,2,1,11,4
"15",15,9,11,9,1,5,2,1,11,4
"16",15,9,11,9,1,5,2,1,11,4
"17",15,9,11,9,1,5,2,1,11,4
"18",15,9,11,9,1,5,2,1,11,4
"19",14,8,10,11,8,11,5,5,3,17
"20",15,9,11,9,1,5,2,1,11,4
"21",15,9,11,9,15,19,20,13,11,4
"22",20,18,2,14,2,7,19,8,10,10
"23",9,9,11,9,1,5,2,1,11,4
"24",15,9,11,9,1,5,2,1,11,4
"25",17,7,11,10,17,12,9,4,12,14
"26",14,8,10,11,8,11,5,5,3,17
"27",15,9,11,9,1,5,2,1,11,4
"28",10,17,20,19,19,20,18,14,9,11
"29",15,9,11,13,15,5,20,13,12,14
"30",20,18,2,14,2,7,19,8,10,10
"31",15,9,11,9,1,5,2,1,11,4
"32",11,9,11,9,1,5,2,1,6,4
"33",19,17,20,19,19,20,18,14,9,11
"34",14,8,10,11,8,11,5,5,3,17
"35",15,9,11,9,1,5,2,1,11,4
"36",14,8,10,11,8,11,5,5,3,17
"37",14,8,10,11,8,11,5,5,3,17
"38",14,8,10,11,8,11,5,5,3,17
"39",9,9,11,9,1,5,2,1,11,4
"40",15,9,11,9,1,5,2,1,11,4
"41",9,9,11,9,1,5,2,1,11,4
"42",14,8,10,11,8,11,5,5,3,17
"43",14,8,10,11,8,11,5,5,3,17
"44",19,17,20,19,19,20,18,14,9,11
"45",11,4,3,2,13,20,14,14,6,17
"46",19,17,20,19,19,20,18,14,9,11
"47",14,8,10,11,8,11,5,5,3,17
"48",14,8,10,11,8,11,5,5,3,17
"49",14,8,10,11,8,11,5,5,3,17
"50",9,9,11,9,1,5,2,1,11,4
"51",9,9,11,9,1,5,2,1,11,4
"52",14,8,10,11,8,11,5,5,3,17
"53",19,17,20,19,19,20,18,14,9,11
"54",9,9,11,9,1,5,2,1,11,4
"55",11,4,9,9,8,5,5,5,3,17
"56",14,8,10,11,8,11,5,5,3,17
"57",14,8,10,11,8,11,5,5,3,17
"58",14,8,10,11,8,11,5,5,3,17
"59",14,8,10,11,8,11,5,5,3,17
"60",19,17,20,19,19,20,18,14,9,11
"61",11,4,10,11,8,11,5,5,3,17
"62",11,8,10,11,8,11,5,5,3,17
"63",11,4,10,11,8,11,5,5,3,17
"64",9,9,11,9,1,5,2,1,11,4
"65",14,8,10,11,8,11,5,5,3,17
"66",11,12,3,2,13,20,5,5,3,17
"67",11,8,10,11,8,11,5,5,3,17
"68",14,8,10,11,8,11,5,5,3,17
"69",14,8,10,11,8,11,5,5,3,17
"70",11,19,10,11,2,7,19,8,10,17
"71",14,8,10,11,8,11,5,5,3,17
"72",15,9,11,9,1,5,2,1,11,4
"73",11,9,9,9,1,5,2,1,11,4
"74",11,8,10,11,8,11,5,5,3,17
"75",14,8,10,11,8,11,5,5,3,17
"76",15,9,11,9,1,5,2,1,11,4
"77",11,4,4,13,15,19,20,13,3,17
"78",11,8,10,11,8,11,5,5,3,12
"79",12,4,3,1,13,14,14,11,3,17
"80",11,4,10,11,8,11,5,5,3,17
"81",12,8,10,11,8,11,5,5,3,17
"82",15,9,11,9,1,5,2,1,11,4
"83",14,8,10,11,8,11,5,5,3,17
"84",11,4,3,2,13,14,5,5,3,17
"85",1,15,14,1,8,17,5,5,3,17
"86",14,8,10,11,8,11,5,5,3,17
"87",14,8,10,11,8,11,5,5,3,17
"88",14,8,10,11,8,11,5,5,3,17
"89",11,3,9,18,7,8,13,3,5,7
"90",13,3,9,8,20,10,11,12,2,2
"91",1,15,14,1,10,17,10,18,15,8
"92",14,8,10,11,8,11,5,5,3,17
"93",11,8,10,11,8,11,5,5,3,17
"94",14,8,10,11,8,11,5,5,3,17
"95",14,12,19,20,12,16,8,20,19,18
"96",11,4,10,11,8,11,5,5,3,17
"97",14,8,10,11,8,11,5,5,3,17
"98",10,12,20,20,19,20,18,14,19,18
"99",19,12,19,20,12,16,8,20,19,18
"100",10,12,19,20,12,16,8,20,19,18
"101",11,4,3,9,1,5,2,1,11,4
"102",14,8,10,11,8,11,5,5,3,17
"103",11,4,10,2,15,19,20,13,3,17
"104",12,4,3,11,13,14,5,5,3,17
"105",14,8,10,11,8,11,5,5,3,17
"106",14,8,10,11,8,11,5,5,3,17
"107",14,8,10,11,8,11,5,5,3,17
"108",14,8,10,11,8,11,5,5,3,17
"109",11,4,10,11,15,19,20,13,3,17
"110",1,16,15,1,10,17,10,18,15,8
"111",11,8,10,11,8,11,5,5,3,17
"112",11,4,3,2,13,14,5,11,6,17
"113",14,8,10,11,8,11,5,5,3,17
"114",8,8,10,11,8,11,5,5,3,17
"115",14,8,10,11,8,11,5,5,3,17
"116",1,15,14,11,8,11,5,5,3,17
"117",14,8,10,11,8,11,5,5,3,17
"118",14,8,10,11,8,11,5,5,3,17
"119",17,19,2,10,2,12,9,8,10,10
"120",14,8,10,11,8,11,5,5,3,17
"121",18,1,16,15,5,3,6,4,16,12
"122",8,8,13,11,8,4,5,5,3,17
"123",12,15,14,2,13,14,14,11,6,5
"124",14,8,10,11,8,11,5,5,3,17
"125",14,8,10,11,8,11,5,5,3,17
"126",14,15,14,11,8,11,5,5,3,17
"127",14,8,10,11,8,11,5,5,3,17
"128",3,7,4,13,17,12,9,4,12,14
"129",14,8,10,11,8,11,5,5,3,17
"130",14,8,10,11,8,11,5,5,3,17
"131",18,1,16,15,5,3,6,4,16,3
"132",14,8,10,11,8,11,5,5,3,17
"133",7,10,3,2,13,14,14,11,6,5
"134",9,9,11,9,1,5,2,1,11,4
"135",14,8,10,11,8,11,5,5,3,17
"136",8,17,13,7,3,4,17,2,14,16
"137",12,8,14,11,8,11,5,5,3,17
"138",11,8,10,11,8,11,5,5,3,17
"139",6,10,12,4,9,2,14,15,7,13
"140",14,15,14,11,8,11,5,5,3,17
"141",14,8,10,11,8,11,5,5,3,17
"142",14,8,10,11,8,11,5,5,3,17
"143",10,13,6,16,16,6,4,17,8,1
"144",14,8,10,11,8,11,5,5,3,17
"145",16,14,10,11,8,14,14,11,6,5
"146",20,19,2,10,2,7,19,8,12,10
"147",14,8,10,11,8,11,5,5,3,17
"148",14,8,10,11,8,11,5,5,3,17
"149",10,12,19,20,12,16,8,20,19,12
"150",8,17,13,7,3,4,17,2,14,16
"151",14,8,10,11,8,11,5,5,3,17
"152",1,15,14,1,10,17,10,18,15,8
"153",14,8,10,11,8,11,5,5,3,17
"154",14,8,10,11,8,11,5,5,3,17
"155",8,14,13,7,3,4,17,2,14,5
"156",1,16,5,12,14,17,10,18,15,8
"157",14,8,10,11,8,11,5,5,3,17
"158",14,8,10,11,8,11,5,5,3,17
"159",1,16,15,1,13,14,14,11,15,8
"160",14,8,10,11,8,11,5,5,3,17
"161",14,8,10,11,8,11,5,5,3,17
"162",12,14,14,2,13,14,14,11,6,5
"163",14,8,10,11,8,11,5,5,3,17
"164",14,8,10,11,8,11,5,5,3,17
"165",15,9,11,9,1,5,2,1,11,4
"166",12,15,14,11,13,11,14,11,6,5
"167",12,14,17,17,13,15,7,11,6,5
"168",12,15,14,11,8,11,5,5,3,17
"169",18,1,16,15,5,3,6,4,16,3
"170",12,15,14,1,8,11,5,5,3,17
"171",1,15,6,16,16,6,4,17,8,1
"172",6,10,12,4,9,2,14,15,7,13
"173",12,10,12,4,9,2,14,15,7,13
"174",14,8,10,11,8,11,5,5,3,17
"175",1,16,15,1,10,17,10,18,15,8
"176",8,17,13,7,13,14,14,11,6,5
"177",12,15,14,11,8,11,5,5,3,17
"178",14,8,10,11,8,11,5,5,3,17
"179",11,8,10,11,8,11,5,5,3,17
"180",14,8,10,11,8,11,5,5,3,17
"181",8,17,13,7,3,4,17,2,14,16
"182",10,13,6,16,16,6,4,17,8,1
"183",20,18,2,14,2,7,19,8,10,10
"184",12,15,14,11,8,11,14,5,3,5
"185",17,4,4,2,17,12,9,4,12,14
"186",14,8,10,11,8,11,5,5,3,17
"187",10,13,6,16,16,6,4,17,8,1
"188",14,8,10,11,8,11,5,5,3,17
"189",16,14,17,17,11,15,7,11,6,5
"190",14,8,10,11,8,11,5,5,3,17
"191",1,16,15,1,10,17,10,18,15,8
"192",7,4,3,2,13,14,14,11,6,5
"193",18,1,16,15,5,3,6,4,16,3
"194",11,8,10,11,8,11,5,5,3,17
"195",12,15,14,2,13,14,14,11,6,5
"196",11,19,3,11,8,11,5,5,3,17
"197",11,4,10,11,8,11,5,5,3,17
"198",1,16,15,1,3,4,10,6,6,5
"199",9,4,3,2,13,14,14,11,6,5
"200",14,8,10,11,8,11,5,5,3,17
"201",18,1,16,15,5,3,6,4,16,3
"202",12,4,14,11,13,14,14,11,6,5
"203",11,4,3,2,13,14,14,11,6,17
"204",11,4,3,2,13,14,14,11,6,5
"205",6,10,12,4,9,2,14,15,7,13
"206",11,17,13,7,3,14,14,11,6,5
"207",7,4,3,2,13,14,7,11,6,5
"208",14,8,10,11,8,11,5,5,3,17
"209",18,1,16,15,5,3,6,4,16,3
"210",5,2,5,12,14,18,12,19,20,9
"211",1,15,14,1,13,14,14,11,6,5
"212",12,15,14,12,14,18,12,6,4,6
"213",16,14,17,17,11,15,7,16,4,6
"214",12,17,13,7,3,4,17,11,14,5
"215",10,13,6,16,16,6,4,17,8,1
"216",12,15,14,2,13,14,14,11,6,17
"217",1,15,14,1,10,17,10,18,15,8
"218",7,4,3,2,17,14,9,4,11,14
"219",6,10,12,4,9,2,14,15,1,12
"220",6,10,12,4,9,2,14,15,7,13
"221",18,1,16,15,5,3,6,4,16,3
"222",5,2,5,12,14,18,12,6,4,6
"223",20,19,2,10,2,7,19,8,10,10
"224",7,17,3,7,3,4,17,11,6,5
"225",12,17,13,7,3,4,17,2,14,16
"226",16,14,17,17,11,15,7,16,4,6
"227",11,4,3,2,13,14,7,11,6,5
"228",6,10,17,17,11,15,7,16,4,12
"229",11,4,9,2,1,14,2,11,11,5
"230",14,8,10,11,8,11,5,5,3,17
"231",8,14,17,7,3,14,14,11,6,5
"232",12,4,3,2,13,14,15,13,6,5
"233",12,12,19,20,12,16,8,20,19,18
"234",6,10,12,4,9,2,7,15,7,13
"235",16,14,17,17,11,15,7,16,4,6
"236",1,15,15,1,10,17,10,18,15,8
"237",5,2,5,12,14,18,12,6,4,6
"238",8,17,13,7,3,4,17,2,14,16
"239",1,16,15,1,10,17,10,18,15,8
"240",10,13,6,16,16,6,4,17,8,1
"241",6,10,12,7,3,4,14,11,6,5
"242",2,6,7,6,4,9,1,9,1,15
"243",11,4,3,2,13,14,14,11,6,5
"244",7,7,4,13,15,19,20,13,6,14
"245",8,17,13,7,3,4,17,2,14,16
"246",8,17,13,7,3,4,17,2,14,16
"247",20,18,2,14,2,7,19,8,10,10
"248",12,15,13,7,3,4,17,2,14,16
"249",16,14,17,17,11,15,7,11,6,5
"250",10,13,6,16,16,6,4,17,8,1
"251",12,15,14,2,13,14,14,11,13,19
"252",12,17,13,7,3,4,17,2,14,16
"253",10,1,16,15,5,3,6,4,16,3
"254",16,14,17,17,11,15,7,16,4,12
"255",12,4,14,1,13,17,10,11,15,5
"256",20,18,2,14,2,7,19,8,5,7
"257",8,17,13,7,3,4,17,2,14,16
"258",1,15,14,1,13,14,14,5,3,17
"259",13,7,4,13,15,19,20,13,12,14
"260",12,16,13,7,3,4,17,11,14,5
"261",11,4,3,2,13,14,14,11,6,5
"262",16,14,17,17,11,15,7,19,20,9
"263",12,15,17,11,13,11,5,19,20,9
"264",17,18,2,14,2,7,19,8,10,10
"265",10,12,19,20,12,16,8,20,19,18
"266",7,4,3,2,13,14,14,11,6,5
"267",8,17,13,7,3,4,17,2,14,16
"268",12,14,17,17,11,15,7,16,4,6
"269",16,4,3,2,15,19,7,13,4,6
"270",12,15,14,4,13,2,14,11,6,5
"271",16,14,17,17,11,15,7,16,4,5
"272",12,10,3,2,13,2,7,11,7,13
"273",12,4,14,2,13,14,14,11,13,19
"274",6,10,12,4,9,2,14,15,7,13
"275",5,2,5,12,14,18,12,6,4,6
"276",6,10,12,4,9,2,14,15,7,12
"277",19,1,3,9,1,3,6,1,16,4
"278",9,9,4,13,17,12,9,4,12,14
"279",3,17,13,7,3,4,17,2,14,16
"280",16,14,17,17,11,15,7,16,4,6
"281",20,18,2,14,2,7,19,8,10,10
"282",10,14,17,16,16,20,4,14,8,1
"283",8,17,13,7,3,4,17,2,14,16
"284",16,14,17,17,11,15,7,16,4,6
"285",16,14,17,17,11,15,7,16,4,6
"286",10,13,6,16,16,20,4,14,8,1
"287",7,4,3,2,13,14,14,11,6,5
"288",16,14,17,17,11,15,7,16,4,6
"289",16,14,13,17,11,4,17,2,14,16
"290",8,17,13,7,3,4,17,2,14,16
"291",5,2,5,12,14,18,12,6,4,6
"292",9,9,11,9,1,5,2,1,11,4
"293",12,15,14,12,14,18,12,6,4,6
"294",16,14,13,7,11,4,7,16,4,16
"295",9,9,11,9,1,5,2,1,11,4
"296",17,7,4,13,17,12,9,4,12,14
"297",10,13,6,16,16,6,4,17,8,1
"298",20,18,2,14,2,7,19,8,10,10
"299",1,16,15,7,3,4,17,2,14,16
"300",7,7,4,13,15,19,20,13,6,12
"301",9,9,11,18,7,8,13,3,5,7
"302",1,15,14,1,10,17,10,18,15,8
"303",16,14,17,17,11,15,7,16,4,6
"304",8,17,13,7,3,4,17,2,14,16
"305",5,2,5,12,14,18,12,6,4,6
"306",5,2,5,12,14,18,12,6,4,6
"307",12,17,13,7,3,4,17,2,14,16
"308",18,1,3,15,5,3,6,4,16,12
"309",7,1,3,15,5,3,6,4,16,3
"310",5,2,5,12,14,18,12,11,4,6
"311",7,4,3,2,13,14,14,11,6,5
"312",16,14,17,17,11,15,7,16,4,6
"313",17,14,17,17,11,14,9,4,12,14
"314",7,2,5,12,14,10,11,12,2,2
"315",10,13,6,16,16,6,4,17,8,1
"316",16,14,17,17,11,15,7,16,4,6
"317",20,19,2,10,2,7,19,8,10,10
"318",1,16,15,1,10,17,10,18,15,8
"319",10,13,6,16,16,6,4,17,8,1
"320",16,2,5,12,20,18,12,6,13,19
"321",16,14,17,17,11,15,7,16,4,6
"322",5,2,5,12,14,18,12,11,6,5
"323",5,2,5,12,14,18,12,6,4,6
"324",16,14,17,17,11,15,7,16,4,6
"325",16,14,17,17,11,15,7,16,4,6
"326",10,17,20,16,19,20,18,14,9,11
"327",7,4,3,2,11,14,7,11,6,5
"328",16,14,17,17,11,15,7,16,4,6
"329",17,2,9,2,1,18,9,1,11,4
"330",5,14,5,12,14,15,7,16,4,6
"331",16,14,17,4,11,15,7,16,7,13
"332",7,7,4,13,15,19,20,13,7,5
"333",12,17,13,7,3,4,14,11,6,5
"334",10,13,16,16,5,3,6,4,16,3
"335",12,15,12,4,13,2,14,15,7,13
"336",7,19,2,2,13,14,9,11,10,5
"337",16,14,17,17,11,15,7,16,4,6
"338",12,17,13,7,3,4,17,2,14,16
"339",12,10,12,2,13,2,14,11,7,5
"340",16,14,17,17,11,15,7,16,4,6
"341",16,14,17,17,11,15,7,16,4,6
"342",2,6,7,6,4,9,1,9,1,15
"343",18,13,6,16,16,3,6,4,16,3
"344",16,14,17,17,11,8,13,3,5,7
"345",1,2,5,12,14,18,12,6,4,6
"346",1,2,5,12,14,18,12,19,20,9
"347",12,17,13,7,3,4,17,2,14,16
"348",16,14,17,17,11,15,7,16,4,6
"349",16,14,17,17,11,15,7,16,4,6
"350",16,14,17,17,11,15,7,16,4,6
"351",16,14,17,17,11,15,7,16,4,6
"352",12,17,13,7,3,4,17,2,14,16
"353",5,2,5,12,14,18,12,6,4,6
"354",16,14,17,17,11,15,7,16,4,6
"355",5,2,5,12,14,18,12,6,4,6
"356",10,11,20,16,19,20,18,14,9,11
"357",6,10,12,4,9,2,14,15,7,13
"358",4,8,8,5,10,13,10,11,6,5
"359",16,9,17,18,7,8,13,3,5,7
"360",12,15,14,1,13,17,14,11,15,5
"361",5,2,5,12,14,18,12,6,4,6
"362",12,10,12,4,9,2,14,15,7,13
"363",7,14,17,17,11,15,7,16,4,6
"364",10,13,6,16,16,6,6,17,16,12
"365",5,2,5,12,14,18,12,6,4,6
"366",4,6,7,6,4,9,1,9,1,15
"367",16,14,17,17,11,15,7,16,4,6
"368",7,4,3,2,13,14,14,11,6,5
"369",5,2,5,12,14,18,12,6,4,6
"370",16,14,17,17,11,15,7,16,4,6
"371",16,14,17,17,11,15,7,16,4,6
"372",17,19,2,10,17,5,9,1,11,4
"373",8,17,13,7,3,4,17,2,14,16
"374",17,9,11,9,1,5,9,1,11,4
"375",16,14,17,17,11,15,7,16,4,6
"376",17,9,11,9,1,5,2,1,11,4
"377",16,14,17,17,11,15,7,16,4,6
"378",5,2,5,12,14,18,12,6,4,6
"379",16,14,17,17,11,15,7,16,4,6
"380",6,10,17,17,9,2,7,11,4,6
"381",7,4,3,2,9,14,14,11,6,5
"382",5,2,5,12,14,19,12,13,4,5
"383",17,19,4,10,17,12,9,4,10,14
"384",16,14,17,17,11,15,7,16,4,6
"385",17,19,2,10,17,12,9,4,12,14
"386",6,3,12,18,7,8,13,3,5,7
"387",10,13,6,16,16,6,14,17,6,5
"388",10,13,20,19,19,20,18,14,9,11
"389",16,14,17,17,11,15,7,16,4,6
"390",1,16,15,1,10,17,10,18,15,8
"391",16,14,17,17,11,15,7,16,4,6
"392",17,19,9,15,5,3,6,4,16,3
"393",16,14,17,17,11,15,7,16,4,6
"394",6,10,12,4,9,2,14,15,7,13
"395",8,10,12,4,9,2,14,15,7,13
"396",8,17,13,7,3,4,17,2,14,16
"397",17,7,4,13,15,19,20,13,5,7
"398",10,13,6,16,16,6,4,17,8,1
"399",5,2,5,12,14,18,12,6,4,6
"400",16,14,17,17,11,15,7,16,4,6
"401",16,2,5,12,14,15,7,16,4,7
"402",16,14,17,17,11,15,7,16,4,6
"403",1,16,15,1,10,17,10,18,15,8
"404",8,17,13,7,3,4,17,2,14,16
"405",10,13,6,16,16,6,4,17,8,1
"406",10,13,6,16,16,6,4,17,8,1
"407",17,4,3,9,1,5,20,1,11,5
"408",16,14,17,17,11,15,7,16,4,5
"409",9,10,12,9,1,5,2,15,11,4
"410",17,19,2,10,2,7,19,8,10,10
"411",16,9,11,9,1,5,2,1,11,4
"412",16,14,17,17,11,15,7,16,4,6
"413",17,19,4,10,15,12,9,8,12,14
"414",5,2,5,12,14,18,12,6,4,6
"415",2,8,8,6,4,9,1,9,1,15
"416",2,6,7,6,4,9,1,9,1,15
"417",5,2,5,12,14,18,12,6,4,6
"418",12,2,5,2,13,14,14,11,4,5
"419",16,14,17,17,11,15,7,16,4,6
"420",7,4,3,2,13,14,14,11,6,5
"421",4,8,8,5,10,13,16,9,17,15
"422",16,14,17,17,11,15,7,16,4,6
"423",10,13,6,16,16,6,4,17,8,1
"424",16,14,17,17,11,15,7,16,4,6
"425",16,14,17,17,11,15,7,16,4,6
"426",16,14,13,7,3,4,17,2,14,16
"427",5,2,5,12,14,18,12,6,4,6
"428",2,6,7,6,4,9,1,9,1,15
"429",16,14,17,17,11,15,7,16,4,6
"430",18,1,16,15,5,3,6,4,16,3
"431",16,14,17,17,11,15,7,16,4,6
"432",16,14,17,17,11,15,7,16,4,6
"433",2,5,1,3,6,1,3,10,1,15
"434",7,3,3,8,20,10,11,12,2,2
"435",16,14,17,17,11,15,7,16,4,5
"436",3,7,4,13,17,12,9,4,12,14
"437",10,13,6,16,16,6,4,17,16,3
"438",7,4,3,2,13,14,14,11,6,5
"439",16,14,17,17,11,15,7,16,4,6
"440",10,13,6,16,16,6,4,17,8,3
"441",16,14,17,17,11,15,14,11,6,5
"442",9,9,11,9,1,5,2,1,11,4
"443",7,4,3,12,14,14,12,11,4,6
"444",12,17,13,7,3,4,17,2,14,16
"445",6,10,12,4,9,2,14,15,7,13
"446",17,3,9,8,20,10,11,12,2,2
"447",8,17,13,7,3,4,17,2,14,16
"448",16,14,17,17,11,15,7,16,4,6
"449",18,1,16,15,5,3,6,4,16,3
"450",1,16,15,1,10,17,10,18,15,8
"451",16,14,17,17,11,15,7,16,4,6
"452",16,14,17,17,11,15,7,16,4,6
"453",9,9,9,9,1,5,2,1,11,4
"454",17,19,4,10,17,12,9,4,12,14
"455",18,1,16,15,5,3,6,4,16,3
"456",3,7,4,13,15,19,20,13,12,14
"457",1,16,15,1,10,17,10,18,15,8
"458",17,19,9,10,1,5,2,1,11,4
"459",12,4,3,2,13,14,7,11,6,5
"460",15,9,11,9,1,5,2,1,11,4
"461",16,14,17,17,11,15,7,16,4,6
"462",16,14,17,17,11,15,7,16,4,6
"463",6,10,12,4,9,2,14,15,7,13
"464",16,14,17,17,11,15,7,16,4,6
"465",5,2,5,12,14,18,7,6,4,6
"466",1,16,15,1,10,17,10,18,15,8
"467",4,8,8,5,4,13,16,9,17,15
"468",8,17,13,7,3,4,17,2,14,16
"469",16,14,17,17,11,15,7,16,4,6
"470",16,14,17,17,11,15,7,16,4,6
"471",20,18,2,14,2,7,19,8,10,10
"472",10,13,6,16,16,6,6,17,8,1
"473",7,10,12,4,9,2,14,15,7,13
"474",8,17,13,7,3,4,17,2,14,16
"475",10,13,6,16,16,6,16,17,17,3
"476",5,2,5,12,14,18,12,6,14,6
"477",17,19,2,10,2,7,9,8,10,10
"478",7,2,3,5,13,14,14,11,2,2
"479",15,9,11,9,1,5,2,1,11,4
"480",5,2,5,12,14,18,12,6,4,6
"481",16,14,17,17,11,15,7,16,4,5
"482",6,10,12,4,9,2,14,15,7,13
"483",16,14,17,17,13,14,7,11,6,5
"484",17,19,2,10,2,12,9,4,10,10
"485",2,6,7,6,4,9,1,9,17,15
"486",16,14,17,17,11,15,7,16,4,6
"487",16,14,17,17,11,15,7,16,4,6
"488",7,16,3,2,13,14,14,11,18,20
"489",12,4,3,2,13,14,14,11,6,5
"490",18,1,16,15,5,3,6,4,16,3
"491",10,13,6,16,16,6,4,17,8,1
"492",4,8,8,3,6,13,3,10,18,20
"493",10,10,12,4,9,2,14,15,7,13
"494",18,1,16,15,5,3,6,4,16,3
"495",16,14,17,17,11,15,7,16,4,6
"496",12,15,14,5,13,13,14,11,6,5
"497",10,20,19,20,12,16,8,20,19,18
"498",8,17,3,7,3,4,17,2,14,16
"499",8,10,12,4,9,2,14,15,7,13
"500",5,2,5,12,14,18,12,6,4,6
"501",16,14,17,17,11,15,7,16,4,6
"502",16,14,17,17,11,15,7,16,4,6
"503",10,13,6,16,16,6,4,17,8,1
"504",13,6,7,5,4,13,1,9,1,15
"505",17,19,9,10,1,5,9,1,10,10
"506",12,15,14,1,13,17,10,11,6,5
"507",8,17,3,7,3,4,17,2,14,16
"508",16,14,3,2,13,14,14,11,6,5
"509",4,8,8,5,10,13,1,9,1,15
"510",7,4,3,2,13,14,6,11,6,5
"511",10,13,6,16,16,6,4,17,8,1
"512",6,10,9,8,20,14,14,12,2,2
"513",5,2,5,12,14,18,12,6,4,6
"514",20,18,2,14,2,7,19,8,10,10
"515",7,14,17,17,11,15,7,11,4,6
"516",4,8,8,5,10,13,1,9,1,15
"517",4,8,8,5,10,13,1,9,1,15
"518",4,6,8,17,4,9,1,9,1,15
"519",16,14,17,17,11,15,7,16,4,6
"520",8,17,13,7,3,4,17,2,14,16
"521",10,13,6,16,16,6,6,17,16,3
"522",16,14,17,17,11,15,7,16,4,6
"523",6,10,12,4,9,2,14,15,7,13
"524",7,13,3,2,13,14,17,11,6,5
"525",18,1,16,15,5,3,6,4,16,3
"526",16,14,17,17,11,15,7,16,6,5
"527",10,13,6,16,16,6,4,17,8,1
"528",10,12,19,20,12,16,8,20,19,18
"529",20,19,4,10,17,12,9,4,12,14
"530",16,14,17,17,11,15,7,16,4,6
"531",16,14,17,17,11,15,7,16,4,6
"532",2,6,7,6,4,9,1,9,1,15
"533",6,10,12,4,9,2,14,15,7,13
"534",16,14,17,7,11,4,17,2,14,16
"535",6,10,12,4,9,2,14,15,7,13
"536",10,13,6,16,16,20,6,14,16,3
"537",16,14,17,17,11,15,7,16,4,6
"538",6,10,12,4,9,2,14,15,7,13
"539",6,10,12,4,9,2,14,15,7,13
"540",3,7,4,13,15,19,20,13,12,14
"541",2,6,7,6,4,9,1,9,1,15
"542",16,3,17,17,20,10,7,12,2,2
"543",2,6,7,6,4,9,1,9,1,15
"544",12,17,13,7,3,4,17,2,14,16
"545",2,10,12,4,9,2,14,15,7,13
"546",2,10,12,4,9,2,14,15,7,13
"547",4,16,15,1,10,13,10,18,15,5
"548",6,7,4,13,15,19,20,19,20,9
"549",2,6,7,6,4,9,1,9,1,5
"550",6,10,12,4,9,2,14,15,7,13
"551",4,6,8,5,4,9,1,9,1,15
"552",10,13,6,16,13,14,17,11,14,5
"553",6,10,12,4,9,2,14,15,7,13
"554",6,10,12,4,9,2,14,15,7,13
"555",18,13,6,16,5,3,6,17,16,3
"556",8,17,13,7,3,4,17,2,14,16
"557",9,9,9,9,1,5,2,1,8,1
"558",6,10,12,4,9,2,14,15,7,13
"559",8,17,13,7,3,4,17,2,14,16
"560",12,4,3,2,13,14,14,11,6,5
"561",17,19,2,8,20,10,11,12,2,2
"562",16,14,17,17,11,15,7,16,4,5
"563",16,14,17,17,11,15,7,16,4,6
"564",9,9,11,9,1,5,2,1,11,4
"565",18,1,16,15,5,3,6,4,16,3
"566",10,13,6,16,16,3,6,4,16,3
"567",16,14,17,17,11,15,7,16,4,5
"568",8,17,13,7,3,4,17,2,14,16
"569",19,13,20,19,16,6,18,17,8,1
"570",7,10,12,4,9,14,14,19,20,9
"571",15,9,11,9,17,12,9,4,11,4
"572",16,14,17,17,11,15,7,16,4,6
"573",13,9,11,9,1,1,2,15,7,5
"574",7,10,12,4,9,14,14,15,6,5
"575",7,14,17,17,11,15,7,16,4,5
"576",5,2,5,12,14,18,12,6,4,6
"577",2,6,7,6,4,9,1,9,1,15
"578",10,13,6,16,5,3,6,4,16,3
"579",6,10,12,4,9,2,14,15,7,13
"580",16,14,17,17,11,15,7,16,4,6
"581",2,6,7,6,4,9,1,9,1,15
"582",10,13,6,16,16,6,4,17,8,1
"583",2,6,7,6,4,9,1,9,1,15
"584",6,10,12,4,9,2,14,15,7,13
"585",10,13,6,16,16,6,4,17,8,1
"586",2,6,7,2,6,14,1,9,6,15
"587",17,7,4,13,17,12,9,4,12,14
"588",2,5,1,3,6,1,1,9,1,15
"589",9,9,11,9,1,5,2,1,11,4
"590",5,2,5,12,14,18,12,6,15,8
"591",2,6,7,6,4,9,1,9,1,15
"592",2,6,7,6,4,9,1,9,1,15
"593",6,10,12,4,9,2,14,15,7,13
"594",8,17,13,7,3,4,17,2,14,16
"595",1,16,15,1,10,17,10,18,15,8
"596",7,1,3,15,5,14,9,11,6,5
"597",5,2,5,12,14,18,12,6,4,6
"598",10,20,20,16,19,20,18,14,9,11
"599",2,6,7,6,4,9,1,9,1,15
"600",2,5,3,3,6,14,1,11,6,5
"601",9,17,9,2,3,4,17,2,11,16
"602",8,17,13,13,3,19,17,2,14,16
"603",6,10,12,4,9,2,14,15,7,13
"604",7,4,3,2,13,14,14,11,6,5
"605",16,14,17,17,11,15,7,16,4,6
"606",2,6,7,6,4,9,1,9,1,15
"607",2,6,7,6,4,9,1,19,20,9
"608",2,6,7,6,4,9,1,9,1,15
"609",6,10,12,4,9,2,14,15,7,13
"610",10,13,6,16,16,3,6,17,16,3
"611",8,17,3,2,13,14,14,11,6,5
"612",2,6,7,6,4,9,1,9,1,19
"613",8,4,3,2,13,14,14,11,6,5
"614",8,4,3,2,13,14,14,11,14,16
"615",8,17,13,7,3,4,17,2,14,16
"616",8,17,13,7,3,4,17,2,14,16
"617",10,13,6,16,16,3,6,17,18,3
"618",9,9,9,9,1,5,2,1,11,4
"619",7,4,3,2,13,14,9,11,12,5
"620",8,17,13,7,3,4,17,2,5,7
"621",6,10,12,4,9,2,7,15,7,5
"622",17,19,2,10,2,7,9,4,10,5
"623",4,8,8,5,10,13,1,9,1,15
"624",9,9,11,9,1,5,2,1,11,4
"625",2,5,1,3,6,1,3,10,1,15
"626",5,2,5,12,14,18,12,6,4,6
"627",2,6,7,6,4,9,1,9,1,15
"628",2,6,16,6,4,9,1,9,1,3
"629",19,13,6,16,16,6,6,17,8,1
"630",9,9,11,9,1,5,2,1,11,4
"631",2,6,7,6,4,9,1,9,1,15
"632",7,4,3,2,13,14,14,11,6,5
"633",19,17,20,19,19,20,18,17,9,1
"634",16,14,17,17,11,15,7,16,4,6
"635",13,5,11,6,1,9,1,9,11,15
"636",13,3,9,8,1,10,11,12,2,2
"637",2,6,7,6,4,9,1,9,1,15
"638",7,2,3,2,13,14,14,11,6,5
"639",10,13,6,16,16,6,4,17,8,1
"640",7,10,12,4,9,2,14,15,7,5
"641",2,6,7,6,4,9,1,9,1,15
"642",10,13,6,16,16,6,4,17,8,1
"643",2,6,7,6,4,9,1,9,1,15
"644",17,9,11,9,17,12,9,1,11,4
"645",2,6,7,6,4,9,1,9,1,15
"646",2,10,7,6,4,9,1,9,1,5
"647",2,6,7,6,4,9,1,9,1,15
"648",2,6,7,6,4,9,1,9,1,15
"649",13,10,3,6,4,10,11,12,2,2
"650",2,6,7,6,4,9,1,9,1,15
"651",2,6,7,6,4,9,1,9,1,15
"652",19,17,20,19,19,20,18,14,9,11
"653",6,10,12,4,15,19,15,13,7,5
"654",2,6,7,6,4,9,1,9,1,15
"655",18,1,16,15,5,3,6,4,16,3
"656",2,6,7,6,4,9,1,9,1,15
"657",2,6,7,6,4,9,1,9,18,20
"658",2,6,7,6,4,9,1,9,1,15
"659",18,1,16,15,5,3,6,4,16,3
"660",10,13,6,16,16,6,4,17,8,1
"661",2,6,7,6,4,9,1,9,1,15
"662",2,6,7,6,4,9,1,9,1,15
"663",2,6,7,6,4,9,1,9,1,15
"664",18,1,16,15,5,3,6,4,16,3
"665",2,6,7,6,4,9,1,9,1,15
"666",9,9,11,9,1,5,2,1,11,4
"667",9,9,11,9,1,5,2,1,11,4
"668",2,6,7,6,4,9,1,9,1,15
"669",7,6,7,16,4,6,1,9,1,15
"670",2,6,7,6,4,9,1,9,1,15
"671",18,1,16,15,5,3,6,4,16,3
"672",2,6,7,6,4,9,1,9,1,15
"673",20,18,2,14,2,7,19,8,10,10
"674",2,6,7,6,4,9,1,9,1,15
"675",2,6,7,6,4,9,1,9,1,15
"676",2,6,7,6,4,9,1,9,1,15
"677",2,6,7,6,4,9,1,9,1,5
"678",13,3,9,8,20,10,11,12,2,2
"679",13,3,9,8,20,10,11,12,2,2
"680",2,6,7,6,4,9,1,9,1,15
"681",17,19,2,10,17,12,9,4,12,14
"682",20,19,2,14,2,7,19,8,10,10
"683",7,3,9,8,20,10,11,12,2,2
"684",2,6,7,6,4,9,1,9,1,15
"685",2,7,4,13,15,19,20,13,12,14
"686",4,8,8,5,10,13,16,9,17,15
"687",8,17,13,7,3,4,17,2,14,16
"688",9,9,11,9,1,5,2,1,11,4
"689",2,6,7,6,4,9,1,9,1,15
"690",2,6,7,6,4,9,1,9,1,15
"691",2,6,7,6,4,9,1,9,1,15
"692",2,3,9,8,7,8,13,3,5,7
"693",11,4,9,2,1,5,14,11,6,5
"694",2,6,1,6,4,9,1,9,1,15
"695",2,6,7,6,4,9,1,9,18,20
"696",10,13,6,16,16,6,4,17,8,1
"697",8,17,13,7,3,4,17,2,14,16
"698",2,6,7,6,4,9,1,9,1,15
"699",2,6,7,6,4,9,1,9,1,15
"700",2,6,7,6,4,9,1,9,1,15
"701",4,8,8,5,10,13,1,9,1,15
"702",19,17,20,19,19,20,18,14,9,11
"703",8,17,13,7,3,4,17,2,14,16
"704",2,6,7,6,4,9,16,9,1,15
"705",16,14,17,17,11,15,7,16,4,6
"706",2,6,7,6,4,9,1,9,13,19
"707",2,6,7,6,4,9,1,9,1,15
"708",2,5,1,3,4,1,1,9,1,15
"709",2,6,7,6,4,9,16,9,17,15
"710",2,6,7,6,4,9,1,9,1,15
"711",10,13,6,16,16,6,4,17,8,1
"712",2,5,7,18,7,8,13,3,5,7
"713",9,6,4,13,15,19,20,13,1,15
"714",15,3,11,18,7,8,13,3,5,7
"715",2,6,7,6,4,9,1,9,1,15
"716",9,9,11,9,1,5,2,1,11,4
"717",8,17,13,7,3,4,17,2,14,16
"718",2,6,7,6,4,9,1,9,5,7
"719",10,7,4,13,15,3,6,4,12,14
"720",2,6,7,6,4,9,1,9,1,15
"721",8,17,13,7,3,4,17,2,12,14
"722",15,9,11,18,7,8,13,3,5,7
"723",2,6,7,6,4,9,1,9,1,15
"724",20,18,2,14,2,7,19,8,10,10
"725",2,6,7,6,4,9,1,9,1,15
"726",2,6,7,6,4,9,1,9,1,15
"727",17,19,2,10,2,7,9,8,10,10
"728",2,3,9,8,20,10,11,12,2,2
"729",2,6,7,6,4,9,1,9,1,15
"730",13,3,9,18,7,8,13,3,5,7
"731",2,6,7,6,4,9,1,9,1,15
"732",2,6,7,6,4,9,1,9,1,15
"733",2,6,7,6,4,9,1,9,1,15
"734",2,6,7,6,4,9,1,9,1,15
"735",2,6,7,6,4,9,16,9,17,15
"736",2,6,7,6,4,9,1,9,1,15
"737",2,6,7,6,4,9,1,9,1,15
"738",4,16,15,1,10,17,10,18,15,8
"739",2,6,7,6,4,9,16,9,17,15
"740",2,6,7,6,4,9,1,9,1,15
"741",8,17,13,7,3,4,17,2,14,16
"742",2,5,7,6,4,9,1,9,1,15
"743",2,6,7,6,4,9,1,9,1,15
"744",2,6,7,6,4,9,1,9,1,15
"745",8,17,13,7,3,4,17,2,14,16
"746",8,8,10,11,8,11,5,5,3,17
"747",17,7,4,13,15,12,9,4,12,14
"748",3,7,4,13,17,12,9,4,12,14
"749",2,6,7,6,4,9,1,9,1,15
"750",2,6,7,6,4,9,1,9,1,15
"751",2,6,7,6,4,9,1,9,1,15
"752",2,6,7,6,4,9,1,9,1,15
"753",10,13,6,16,16,6,6,17,16,3
"754",10,13,6,16,16,3,6,4,16,3
"755",8,17,13,7,3,4,17,2,14,16
"756",4,8,8,5,10,13,1,9,1,15
"757",4,6,8,5,4,13,1,9,1,15
"758",2,6,7,6,4,9,1,9,1,15
"759",8,17,13,7,3,4,17,2,14,16
"760",17,5,1,6,17,12,9,9,1,15
"761",2,6,7,6,4,9,1,9,1,15
"762",4,8,8,5,10,13,1,9,1,20
"763",2,6,7,6,4,9,1,9,1,15
"764",2,6,7,6,4,9,1,9,13,19
"765",2,5,1,3,6,1,3,10,1,15
"766",2,6,7,6,4,9,1,9,1,15
"767",2,6,7,6,4,9,1,9,1,15
"768",10,1,4,13,17,12,9,4,12,14
"769",8,17,13,7,3,4,17,2,14,16
"770",2,6,7,6,4,9,1,9,1,15
"771",2,5,7,6,4,9,1,9,1,15
"772",10,13,6,15,5,3,6,4,16,3
"773",2,5,1,6,4,9,1,9,1,15
"774",8,17,13,7,3,14,14,11,6,5
"775",2,5,7,6,4,9,1,9,1,15
"776",17,19,3,2,17,12,9,9,1,15
"777",2,6,7,6,4,9,16,9,17,15
"778",13,3,9,8,20,10,11,12,2,2
"779",2,5,1,18,7,8,13,3,5,7
"780",6,5,7,6,4,9,1,9,1,15
"781",2,5,1,3,6,1,3,10,1,15
"782",17,19,18,8,20,10,11,12,2,2
"783",1,16,15,1,10,17,10,18,15,8
"784",8,17,4,7,3,4,9,4,13,19
"785",2,6,7,6,4,9,1,9,1,15
"786",2,6,7,6,4,9,1,9,1,15
"787",2,5,1,3,6,1,3,10,1,15
"788",2,6,7,6,4,9,1,9,1,15
"789",8,17,13,7,3,4,17,2,14,16
"790",10,13,6,16,16,6,6,17,8,1
"791",2,5,7,6,4,9,1,9,1,15
"792",2,5,1,5,4,13,1,9,1,15
"793",18,1,16,15,5,3,6,4,16,3
"794",2,6,7,6,4,9,1,9,1,15
"795",9,9,9,9,1,5,2,1,11,4
"796",2,6,7,6,4,9,1,9,1,15
"797",10,13,6,16,16,6,4,17,8,1
"798",2,6,7,6,4,9,1,9,1,15
"799",2,6,7,6,4,9,1,9,1,15
"800",2,5,1,3,6,1,3,10,1,15
"801",3,7,4,13,15,19,20,13,12,14
"802",9,9,9,2,1,14,2,9,11,15
"803",2,6,7,6,4,9,1,19,20,9
"804",8,4,3,2,13,14,14,11,6,5
"805",2,6,7,6,4,9,1,9,1,15
"806",4,17,13,7,3,4,17,2,14,16
"807",2,6,7,6,4,9,1,9,1,15
"808",4,8,8,5,10,13,1,9,1,15
"809",2,5,1,3,6,1,3,10,1,15
"810",2,6,7,6,4,9,1,9,1,15
"811",2,6,7,6,4,9,1,9,1,15
"812",2,6,7,6,4,9,1,9,1,15
"813",2,6,7,6,4,9,1,9,1,12
"814",2,6,7,6,4,9,1,10,1,15
"815",3,7,4,13,15,12,9,4,12,14
"816",8,17,13,7,3,4,17,2,14,16
"817",13,9,11,9,1,5,2,1,11,4
"818",4,6,8,5,4,13,1,9,1,15
"819",4,16,15,1,10,17,10,18,15,8
"820",4,8,8,5,10,13,1,9,1,15
"821",10,17,20,16,19,20,18,14,9,11
"822",4,8,8,5,10,13,1,9,1,15
"823",2,6,7,6,4,9,1,9,1,15
"824",2,6,7,5,4,13,16,9,17,15
"825",2,6,7,6,4,9,1,9,1,15
"826",2,5,1,3,4,9,3,10,1,15
"827",2,6,7,6,4,9,1,9,1,15
"828",8,17,13,7,3,4,17,2,14,16
"829",10,13,6,19,16,6,18,17,8,1
"830",10,13,16,15,5,3,6,4,16,3
"831",4,8,8,5,10,13,16,9,17,15
"832",2,6,7,6,4,9,1,9,1,15
"833",2,5,1,3,6,1,3,10,18,20
"834",19,13,6,16,16,6,4,17,18,20
"835",19,17,20,19,19,20,18,14,9,11
"836",2,3,9,8,20,10,11,12,2,2
"837",13,3,9,8,20,10,11,12,2,2
"838",2,6,7,6,4,9,1,9,1,15
"839",2,3,1,3,6,10,11,12,18,20
"840",17,19,2,10,17,12,9,4,11,4
"841",9,3,9,8,20,10,11,12,2,2
"842",2,5,1,6,4,1,1,10,1,15
"843",2,6,7,6,4,9,1,9,1,15
"844",11,7,4,13,15,19,20,13,12,14
"845",2,6,7,6,4,9,1,9,1,15
"846",2,6,7,6,4,9,1,9,1,15
"847",2,6,7,6,4,9,1,9,1,15
"848",2,6,7,6,4,9,1,9,1,15
"849",2,6,7,6,4,8,13,3,1,7
"850",3,7,4,13,17,14,9,11,12,14
"851",2,6,7,6,4,9,1,9,1,15
"852",2,5,1,6,4,9,1,9,1,15
"853",4,6,7,6,4,9,1,9,1,15
"854",3,7,4,13,17,12,16,4,17,14
"855",8,17,13,7,3,4,17,2,14,16
"856",8,17,13,7,3,4,17,2,14,16
"857",2,5,1,3,6,1,3,10,1,15
"858",13,3,9,8,20,10,11,12,2,2
"859",2,6,7,3,6,1,3,10,18,20
"860",2,6,7,6,4,9,1,9,6,15
"861",2,6,7,6,4,9,1,9,1,15
"862",2,6,7,6,4,9,1,9,1,15
"863",9,9,11,9,1,5,2,1,11,4
"864",2,5,7,6,4,9,1,10,1,15
"865",2,6,7,6,4,9,1,9,1,15
"866",2,6,7,6,4,9,1,9,1,15
"867",2,6,7,6,4,9,1,9,1,15
"868",2,6,7,5,10,13,1,9,1,15
"869",2,6,7,6,4,9,1,9,1,15
"870",4,6,8,5,4,13,1,9,1,15
"871",4,8,8,5,10,13,1,9,1,15
"872",2,6,7,6,4,9,1,9,1,15
"873",2,5,1,3,6,1,3,10,1,15
"874",2,5,1,6,6,1,1,10,1,15
"875",9,9,11,9,1,5,2,1,6,5
"876",17,7,4,10,17,12,9,4,12,14
"877",4,6,8,5,4,13,16,9,17,15
"878",17,19,2,10,17,12,9,4,1,15
"879",2,6,7,6,4,9,1,9,1,15
"880",2,3,18,8,20,10,8,12,2,18
"881",2,6,7,6,4,9,1,9,1,15
"882",4,8,8,5,10,13,1,9,1,15
"883",2,5,1,6,4,9,1,9,1,15
"884",2,6,7,6,4,9,1,9,1,15
"885",3,7,4,13,17,12,9,4,12,14
"886",6,10,12,4,9,2,14,15,7,13
"887",2,6,7,6,4,9,1,9,1,15
"888",4,6,7,6,4,9,1,9,1,15
"889",2,6,7,6,4,9,16,9,17,15
"890",2,6,7,6,4,9,1,9,1,15
"891",2,6,7,6,4,9,1,9,1,15
"892",2,6,7,3,6,1,3,10,1,15
"893",2,6,7,6,4,9,1,9,1,15
"894",13,3,9,8,20,10,11,12,2,2
"895",9,9,11,9,1,5,2,1,11,4
"896",2,6,7,6,4,9,1,9,1,15
"897",2,6,7,6,4,9,16,9,17,15
"898",7,19,3,2,17,12,9,4,12,14
"899",10,1,4,10,17,12,9,4,12,14
"900",2,6,7,6,4,9,1,9,1,15
"901",2,6,7,6,4,9,1,9,1,15
"902",2,6,7,6,4,9,1,9,1,15
"903",2,6,7,6,4,9,1,9,1,15
"904",9,17,7,6,4,9,1,9,1,15
"905",13,3,9,8,20,10,11,12,2,2
"906",2,6,7,6,4,9,1,9,1,15
"907",9,9,11,9,1,5,2,1,11,4
"908",13,3,9,8,20,10,11,12,2,2
"909",13,3,9,8,20,10,11,12,2,2
"910",2,6,7,6,4,9,1,9,1,15
"911",2,6,7,6,4,9,1,9,1,15
"912",15,19,11,9,1,5,2,1,11,4
"913",2,6,7,6,4,9,1,9,1,15
"914",13,3,9,8,20,10,11,12,2,2
"915",10,17,20,19,19,20,18,14,9,11
"916",2,5,1,3,6,1,3,10,1,15
"917",2,5,3,2,13,14,1,9,6,15
"918",13,3,9,8,20,10,11,12,2,2
"919",2,6,7,6,4,9,1,11,1,15
"920",6,3,9,18,7,8,13,3,5,7
"921",4,8,8,5,10,13,1,9,1,15
"922",9,9,11,9,1,5,2,1,11,4
"923",2,6,7,6,4,9,1,9,1,15
"924",2,6,7,6,4,9,1,9,1,15
"925",2,5,7,13,4,1,20,9,1,15
"926",9,5,11,9,6,1,3,11,6,5
"927",8,17,13,7,3,4,17,2,14,16
"928",15,3,11,8,20,8,11,12,2,2
"929",8,17,13,7,3,4,17,2,14,16
"930",2,6,7,6,4,9,1,9,18,20
"931",2,6,7,6,4,9,1,9,1,15
"932",13,3,9,8,20,10,11,12,2,2
"933",2,5,1,3,20,1,11,10,2,2
"934",2,5,1,3,6,1,3,10,1,15
"935",2,6,7,6,4,9,1,9,1,15
"936",13,3,9,8,20,10,11,12,2,2
"937",2,6,7,6,4,9,1,9,1,15
"938",2,6,7,6,4,9,1,9,1,15
"939",2,5,1,3,6,1,3,10,17,15
"940",9,9,11,9,1,5,2,1,11,4
"941",2,5,7,9,1,5,1,1,1,4
"942",2,6,7,9,1,5,2,9,11,4
"943",2,5,7,8,4,9,1,9,2,15
"944",2,6,7,6,4,9,1,19,20,9
"945",2,6,7,6,4,9,1,9,1,15
"946",2,6,7,6,4,9,1,9,1,15
"947",9,3,9,8,20,10,11,12,2,2
"948",2,6,7,6,4,9,1,9,1,15
"949",2,6,7,6,4,9,1,10,1,15
"950",2,6,7,6,4,9,1,9,1,15
"951",2,6,7,6,4,9,1,9,1,15
"952",2,6,7,6,4,9,1,9,1,15
"953",13,5,1,3,6,1,3,10,13,19
"954",2,8,8,6,4,9,1,9,1,15
"955",9,9,11,9,1,5,2,1,11,4
"956",2,6,7,6,4,9,1,9,1,15
"957",13,3,9,8,20,10,11,12,2,2
"958",2,6,7,6,4,9,1,9,1,15
"959",2,6,7,6,4,9,16,9,17,15
"960",17,19,4,10,15,12,9,13,6,5
"961",2,5,1,3,6,1,3,10,1,15
"962",9,9,11,9,1,5,2,1,11,4
"963",8,17,13,7,3,4,17,2,6,16
"964",13,3,4,13,15,19,20,13,12,14
"965",15,3,9,8,20,10,11,12,2,2
"966",2,5,1,3,6,1,3,10,18,20
"967",15,9,11,9,1,5,2,1,11,4
"968",2,6,7,6,4,9,1,9,1,15
"969",2,6,7,6,4,9,16,9,17,15
"970",2,6,7,6,4,9,1,9,1,15
"971",2,5,7,3,6,1,3,10,1,15
"972",2,6,7,6,4,9,1,9,1,15
"973",2,5,1,3,6,1,3,10,13,19
"974",9,12,19,20,12,16,8,20,19,18
"975",17,19,2,10,17,12,9,4,12,10
"976",2,6,7,6,4,9,1,9,1,15
"977",2,5,1,3,4,1,1,9,1,15
"978",2,6,7,6,4,9,16,9,17,15
"979",8,17,13,7,3,4,17,2,14,16
"980",9,9,1,9,1,5,2,1,11,4
"981",2,5,1,3,6,1,3,10,1,15
"982",4,8,8,5,10,13,1,9,1,15
"983",2,5,1,3,6,1,3,10,1,15
"984",2,5,1,3,1,5,2,1,11,4
"985",4,5,7,5,4,9,1,9,1,15
"986",8,17,13,7,3,4,17,2,14,16
"987",4,8,8,5,10,13,1,9,1,15
"988",15,9,11,9,1,5,9,1,11,4
"989",2,6,7,6,4,9,16,9,17,15
"990",17,7,4,13,15,19,20,13,12,14
"991",2,5,1,3,6,1,3,10,18,20
"992",4,16,15,1,10,13,10,18,15,8
"993",2,5,1,3,6,1,3,10,1,15
"994",3,7,4,13,17,12,9,4,12,14
"995",15,9,11,9,1,5,2,1,11,4
"996",13,3,9,8,20,10,11,12,2,2
"997",2,3,1,8,20,10,11,12,2,2
"998",3,7,4,13,17,12,9,4,12,14
"999",20,19,2,10,17,12,9,8,10,10
"1000",2,6,7,6,4,9,1,9,1,15
"1001",1,16,15,1,10,17,10,18,15,8
"1002",2,6,7,6,4,9,1,9,1,15
"1003",2,6,7,6,4,9,1,9,1,15
"1004",10,13,6,16,16,3,6,4,16,3
"1005",2,6,7,6,4,9,1,9,1,15
"1006",2,6,7,6,4,9,1,9,1,15
"1007",4,16,15,1,10,13,1,11,1,15
"1008",9,4,3,2,1,5,2,1,6,15
"1009",8,17,13,7,3,4,17,2,14,16
"1010",2,5,1,3,17,1,3,10,1,15
"1011",13,3,9,8,20,10,11,12,2,2
"1012",7,6,3,6,4,9,6,11,1,5
"1013",2,5,1,3,6,1,3,10,1,15
"1014",15,3,9,8,20,5,11,1,2,4
"1015",9,9,11,9,1,5,2,1,11,4
"1016",2,6,7,6,4,9,1,9,1,15
"1017",9,17,13,7,3,4,17,2,14,16
"1018",2,5,7,3,6,1,3,19,18,20
"1019",18,1,16,15,5,3,6,4,16,3
"1020",13,3,9,8,20,10,11,12,2,2
"1021",13,3,9,18,7,8,13,3,5,7
"1022",13,3,9,8,20,10,11,12,2,2
"1023",2,6,7,6,4,9,1,9,1,15
"1024",13,3,9,8,20,10,11,12,2,2
"1025",2,5,1,3,6,1,3,10,1,15
"1026",2,6,7,6,4,9,1,9,1,15
"1027",18,1,16,15,5,3,6,4,16,3
"1028",13,3,9,8,20,10,11,12,2,2
"1029",9,5,3,3,15,1,3,19,18,20
"1030",2,6,7,6,4,9,1,9,1,15
"1031",2,6,7,6,4,9,1,9,1,15
"1032",2,6,7,6,4,9,1,9,1,15
"1033",2,6,7,6,4,9,1,9,1,15
"1034",2,6,7,6,4,9,1,9,1,15
"1035",15,9,11,9,1,5,2,1,11,4
"1036",2,3,9,8,20,10,11,12,2,2
"1037",2,6,7,6,4,9,1,9,1,15
"1038",17,19,3,2,1,5,2,1,11,4
"1039",15,9,11,9,1,5,2,1,11,4
"1040",13,3,9,8,20,10,11,12,2,2
"1041",13,3,9,8,20,10,11,12,2,2
"1042",12,17,13,7,3,4,17,2,14,16
"1043",13,3,9,8,20,10,11,12,2,2
"1044",2,6,7,6,4,9,1,9,1,15
"1045",15,9,11,9,1,5,2,1,11,4
"1046",7,1,11,6,4,13,1,9,6,15
"1047",16,14,17,17,11,15,7,12,2,15
"1048",13,3,9,8,20,10,11,12,2,2
"1049",2,6,7,6,4,9,1,9,1,15
"1050",13,3,9,8,17,12,9,12,1,15
"1051",2,6,7,6,4,9,1,9,1,15
"1052",2,5,7,6,4,9,1,9,1,15
"1053",15,9,11,9,1,5,2,1,11,4
"1054",7,10,12,2,4,14,14,11,6,5
"1055",17,19,2,10,2,7,9,8,10,10
"1056",2,5,1,3,6,1,3,10,1,15
"1057",2,5,1,3,6,1,3,10,1,15
"1058",15,9,11,9,1,5,2,1,11,4
"1059",17,19,2,10,1,5,2,1,11,4
"1060",13,3,9,8,20,10,11,12,2,2
"1061",2,5,1,3,6,1,3,10,1,15
"1062",9,9,3,2,1,14,2,9,11,15
"1063",2,5,1,3,6,1,3,10,1,15
"1064",2,5,1,3,6,1,3,10,1,15
"1065",9,9,11,9,1,5,2,1,11,4
"1066",2,6,7,6,4,9,1,9,1,15
"1067",18,1,16,15,5,3,6,4,16,3
"1068",15,3,9,8,20,10,11,1,2,2
"1069",15,9,11,9,1,5,2,1,11,4
"1070",13,3,9,8,20,10,11,12,2,2
"1071",17,19,11,9,17,5,2,1,11,4
"1072",17,7,4,13,15,19,20,13,12,14
"1073",10,13,6,16,16,6,4,17,8,1
"1074",13,5,1,3,20,10,11,12,2,2
"1075",17,3,9,8,20,10,11,12,2,2
"1076",17,7,4,13,17,12,9,4,12,14
"1077",15,3,11,8,17,10,2,1,11,4
"1078",13,3,9,8,20,10,11,12,2,2
"1079",13,3,9,8,20,10,11,12,2,2
"1080",2,5,1,3,6,1,3,10,1,15
"1081",2,6,7,6,4,9,1,9,1,15
"1082",9,9,11,9,1,5,2,1,11,4
"1083",13,3,9,8,20,10,11,12,2,2
"1084",15,9,11,9,1,5,2,1,11,4
"1085",19,17,20,19,19,20,18,14,9,11
"1086",15,3,9,8,20,10,11,12,2,2
"1087",10,17,20,19,19,20,18,14,9,11
"1088",4,5,1,3,6,1,3,10,1,15
