"","x","y"
"44x5377",43.6248204391545,5377.36425200082
"68x4194",67.6379391100703,4194.47846994535
"84x5959",83.6097334381476,5959.39087400843
"80x5764",79.7586830454574,5764.46685789113
"114x1974",114.438811795317,1974.00611448395
"168x531",167.973973683118,530.59196380391
"185x4559",185.422218297421,4558.74708583539
"177x3654",176.86924425579,3654.3204300083
"241x2001",241.27044188156,2000.84326810937
"270x3116",270.204733769185,3116.16264028249
"309x5302",308.986214247646,5301.80383727127
"275x628",275.118015219055,628.441397631591
"294x5628",294.217769017375,5627.83096072419
"349x1994",348.523829735629,1994.03195488722
"377x4455",376.522153510367,4454.95078210258
"410x1893",410.442382905657,1893.45683487551
"387x3267",386.541349095245,3267.46505418157
"476x669",476.373946360153,668.938607167005
"446x1536",445.678548752834,1536.14603174603
"485x1779",484.792783647857,1778.53356711115
"501x2036",500.707699431142,2035.57236406932
"527x937",527.385350649351,936.60987012987
"450x4160",449.969319024139,4159.6830384479
"548x4572",547.926213592233,4571.54906957929
"544x2540",543.91402112104,2540.10261575955
"591x3577",591.073147745397,3576.78284036538
"603x6364",603.023379466729,6363.52740636484
"651x4418",651.069048805736,4417.581413181
"663x2654",662.822453016815,2653.80495320703
"665x5629",665.246806838279,5628.93456474749
"852x3642",852.070927644564,3641.92025364297
"1085x4223",1084.84628754171,4223.22128754171
"1110x6096",1110.15813877373,6095.89774710888
"1139x5599",1139.24302012472,5598.61217403628
"1120x5436",1119.62345385347,5435.55340152236
"1184x4281",1183.97599099662,4281.41607269393
"1126x4550",1125.53235730957,4550.2763278874
"1151x6524",1150.97984878681,6524.28993072032
"1177x1565",1176.51953773099,1564.5736312146
"1187x4426",1186.51812080537,4425.78750645328
"1180x5746",1179.79284339402,5746.29178631157
"1180x5077",1180.06319005415,5076.83907559212
"1205x5367",1204.93829211271,5366.99483204134
"1184x3703",1183.77082398989,3703.08721001345
"1187x3879",1186.78399396246,3879.26988449928
"1229x3321",1228.80649012032,3320.78264693871
"1212x1071",1212.1861406171,1070.91552857865
"1214x1248",1213.77778375471,1247.97530930608
"1224x2691",1223.74101519081,2691.14753612449
"1215x2845",1214.87023899371,2845.21972327044
"1221x2460",1221.01331179681,2459.51832460733
"1252x828",1251.85321673954,828.441305066686
"1261x3491",1261.29358527331,3490.57740231771
"1299x2992",1298.54496620261,2992.42405658266
"1244x1819",1243.72289765143,1818.78989141022
"1271x2371",1271.47742584213,2370.64243338361
"1339x4144",1339.43737557091,4144.37252605692
"1324x1018",1324.19572425829,1018.06082024433
"1361x2480",1360.56361892583,2480.18670076726
"1348x1921",1348.37708365193,1920.60051231075
"1644x997",1643.93418244865,996.619565217391
"1778x1015",1777.57638697592,1014.50366370999
"1807x1991",1807.27916804773,1991.24100928074
"1787x4503",1787.49594298716,4502.92787532735
"1878x6520",1878.29097077244,6520.39431106472
"1989x1653",1989.03295094461,1652.72871124303
"1963x1937",1962.54810209424,1937.3702552356
"2114x1968",2113.99642237641,1968.20083477884
"2100x5513",2099.50585441472,5512.58587024638
"2169x1422",2169.03139327065,1421.84930194006
"2201x2033",2201.39927881907,2032.73515381437
"2196x3567",2195.90708050436,3567.03157129001
"2316x578",2316.17065299924,578.319602632245
"2336x4662",2335.89073932756,4662.29640436324
"2359x1998",2358.62453200214,1998.44967908718
"2440x5942",2440.22001452805,5941.50715720207
"2494x1911",2493.93745349702,1910.9783296131
"2512x6574",2512.26956521739,6574.4525083612
"2533x2102",2533.06954372959,2102.44556232165
"2613x5940",2613.09361443511,5940.27396944485
"2576x2620",2576.27782206356,2619.8182857935
"2591x6509",2591.046105919,6508.95218068536
"2600x752",2599.55091677327,751.556692638679
"2635x3853",2635.36704342653,3853.03496595942
"2610x5600",2610.36109419849,5600.27824649909
"2690x5500",2689.78898376516,5499.67830835196
"2697x2166",2697.14827489873,2165.8997765051
"2770x3565",2769.71369828614,3564.77512712662
"2748x217",2748.12885307464,217.260757314974
"2875x491",2875.08964502198,491.006080910975
"2753x4334",2752.96104288683,4334.36213867372
"2803x6419",2803.14492921792,6418.84474355999
"2866x125",2866.44164037855,125.079488335009
"2880x4466",2880.14516069106,4466.27564555081
"2916x5260",2916.38926732015,5259.65110483469
"2927x4651",2926.73369007081,4650.93581428031
"2926x2674",2925.52910256763,2673.81503701461
"2960x6102",2960.46207749382,6101.89950969757
"2973x5110",2972.64068685669,5110.26697347585
"3025x3692",3025.16903982891,3692.11120656565
"3074x5257",3073.67172967297,5257.06848184819
"3080x5841",3080.04334946897,5840.52481757098
"3126x2749",3126.17451955907,2749.26751048678
"3071x3935",3071.30024068717,3935.17168282289
"3096x4369",3095.67538242188,4368.9749885213
"3120x1105",3120.15942691165,1104.57436115009
"3122x4726",3121.87522026798,4725.64913388968
"3111x6412",3111.05542267733,6411.9456611107
"3084x3109",3083.68988805816,3109.39683588748
"3166x5661",3165.82766801349,5661.23586759091
"3203x1510",3202.62749326146,1509.81568030001
"3148x2309",3148.14311031374,2309.00004375793
"3222x5513",3221.62178118327,5512.81497299334
"3197x2950",3196.94315956926,2949.73063509545
"3214x5916",3213.8298422198,5915.69487894451
"3218x4490",3217.7360884149,4489.5338436398
"3228x5280",3227.78927831492,5279.83408149171
"3270x4186",3269.71125707572,4185.59708426786
"3300x4308",3300.35309586421,4308.28974420273
"3260x3440",3259.73486356972,3440.19855145402
"3324x4576",3324.48475411963,4575.72667704684
"3301x3734",3300.87812147575,3733.50501449976
"3320x6058",3320.15022270212,6058.29495658433
"3352x4070",3352.15861618799,4070.43122165728
"3335x5021",3335.02024229995,5021.43481067943
"3359x1091",3359.27116681143,1091.057968317
"3323x6465",3323.19942079195,6465.24169756678
"3364x5937",3363.989467299,5936.90928642329
"3359x5256",3359.23885112732,5255.98972148541
"3362x3568",3362.49326041321,3567.95406584908
"3385x6253",3384.68836338891,6252.93331064988
"3383x5417",3383.407493465,5416.79756026721
"3414x4881",3414.19896004379,4881.25959809211
"3386x1833",3385.58920331577,1833.11098860713
"3389x3123",3389.15506043939,3123.21652527889
"3416x4672",3416.39287029083,4671.9613449503
"3411x5640",3411.40466578323,5640.03593331073
"3427x4528",3427.36700018028,4528.28028664143
"3453x878",3453.28103562735,877.986003540606
"3466x2740",3465.72544701551,2739.76163555088
"3466x3930",3465.84654380819,3929.59153806912
"3511x5866",3511.29089258503,5866.46970139092
"3493x6025",3493.31238567073,6025.01855945122
"3487x4430",3487.37064665828,4429.55067875266
"3497x5218",3496.75560341039,5218.41764085436
"3507x2973",3507.28128861026,2973.41637303803
"3542x5733",3542.45259197064,5733.11673974562
"3531x5104",3531.37041884817,5104.25198103863
"3521x3696",3521.48110011293,3696.40865608184
"3546x6184",3545.60772904615,6183.67916722723
"3541x2110",3540.77843011671,2110.33803017364
"3543x4744",3542.9748139668,4743.64954207212
"3573x4973",3573.42277486911,4973.06760623402
"3572x1917",3571.54242706807,1917.07530749079
"3591x2599",3590.9241124426,2598.94837047822
"3598x997",3597.94818058352,997.072987402239
"3587x1792",3587.42360294573,1792.02463023702
"3621x3884",3620.58962075848,3883.92831004657
"3612x4320",3612.38426605184,4319.55844337316
"3638x1640",3637.73266094421,1640.27463519313
"3665x3543",3665.07521708998,3542.65249296751
"3672x3705",3671.61548354828,3704.63863384659
"3662x1282",3662.31688260699,1282.20451511582
"3662x4119",3661.98472009075,4118.99309401481
"3690x3439",3689.93276258091,3438.56248694926
"3689x1991",3689.43899329687,1990.78533536209
"3687x2908",3686.94838709677,2908.3883797654
"3680x4808",3680.25487487381,4807.86244089049
"3710x1762",3709.85155518081,1761.51358441072
"3720x2151",3720.08338137573,2150.93591649725
"3696x4553",3696.25538614518,4553.16648989062
"3711x4679",3711.17681795998,4678.83172279161
"3753x6514",3753.19217507902,6513.66866200556
"3719x2629",3718.89429947942,2629.03129951175
"3733x4309",3732.92476552598,4309.31690747782
"3766x5297",3765.55144751739,5297.01523532266
"3761x1123",3761.39630553037,1123.37958975521
"3727x6042",3727.1172379533,6042.3175721447
"3814x5458",3813.69687367379,5458.13679445466
"3795x3235",3795.38004457723,3234.65476359843
"3805x5811",3805.09493124676,5811.22533225936
"3795x751",3795.36742481487,751.069744597249
"3800x2317",3800.49460139504,2316.87845972545
"3799x4039",3799.25134962806,4039.17232731137
"3833x4772",3833.00167263239,4771.76723647677
"3831x1304",3831.1841843767,1304.03413789787
"3867x5191",3866.98796064291,5190.76828821121
"3843x3447",3843.05477109493,3446.67494014755
"3902x6520",3902.27289871566,6519.98218175906
"3927x793",3927.475954517,792.561678489464
"3941x1810",3940.73305424423,1809.71947091832
"3934x3757",3933.60980654935,3756.60849551334
"3956x4150",3956.48714693128,4149.61407586827
"3943x3148",3942.95280292203,3147.83103064952
"3974x3879",3973.7801970497,3879.16912525176
"3940x2689",3939.68419680111,2689.35478963839
"3947x3581",3947.31808887962,3580.7193407052
"3972x2174",3972.28422425033,2173.76962914675
"3992x224",3992.16956918114,224.004371303677
"4008x1037",4007.64622934955,1037.20017971936
"3996x2018",3995.65132344659,2017.9722170077
"4012x2519",4012.30196078431,2518.72410830999
"4026x2847",4025.80271503602,2847.4929828086
"4007x6258",4007.32513795017,6258.05655140889
"4003x4792",4003.33222055946,4791.69195349373
"4056x1245",4056.13699072207,1245.25046389673
"4063x3450",4062.82796794664,3450.03316503775
"4052x4572",4051.99368372522,4571.51585984325
"4091x1491",4091.19157472417,1490.65052299756
"4099x2666",4099.48558695575,2665.57609733668
"4064x6440",4063.9552046162,6439.59612026422
"4084x6565",4084.09798626196,6565.2209827981
"4097x6103",4096.73620552662,6102.9621700362
"4104x5106",4103.57114897781,5105.8997808837
"4097x2291",4097.1229811824,2290.62627796711
"4089x528",4089.08186172292,527.659862504887
"4110x3586",4109.99299781182,3586.06958424508
"4108x5879",4108.45757648905,5879.15822823004
"4147x2123",4147.07153304534,2123.19439436716
"4135x2429",4135.00024349661,2429.23416257457
"4180x4528",4180.39073856164,4528.20675572783
"4177x5444",4177.2779461388,5443.88634556279
"4199x1841",4199.34048597372,1841.27088723178
"4241x4940",4240.56610600819,4940.1750765438
"4274x970",4274.41939581377,969.650650761216
"4244x3612",4243.96171334683,3611.62393488976
"4235x6338",4235.07412666856,6337.70561049289
"4237x3037",4237.33362168397,3037.47380128522
"4311x4318",4311.19452623314,4317.9462157539
"4388x1954",4387.7992638675,1954.49878978216
"4284x825",4284.24004728983,824.735639569251
"4342x3036",4342.3101214134,3035.70387107312
"4345x3674",4344.55936972425,3673.68494870352
"4342x3202",4342.31290859626,3202.15150038576
"4379x6351",4378.61550387597,6350.65225078199
"4326x699",4325.68419650291,699.17189009159
"4427x3354",4427.13670621884,3354.31998608588
"4395x5349",4395.25089253085,5349.18190762657
"4419x2438",4419.43357873945,2438.36713952236
"4417x4556",4416.63744837081,4556.02216343169
"4434x102",4434.41443243451,101.926837712044
"4445x2701",4444.79760604406,2701.05220280357
"4443x5876",4443.37220247815,5876.35388851535
"4439x2236",4438.53126475371,2235.52714682894
"4475x4708",4475.19919886506,4708.38838354335
"4479x3955",4478.66748757444,3954.96435767698
"4506x3823",4506.03566826024,3822.58432758262
"4491x5739",4490.53690681527,5739.00464375746
"4493x4359",4493.04305387174,4358.97227144145
"4502x6429",4501.66342461179,6428.947570546
"4530x5152",4530.22058823529,5152.16382495027
"4559x2733",4558.74413475976,2732.76083896396
"4549x1439",4548.95679422657,1439.04352229924
"4573x3050",4572.794999398,3049.9374724084
"4584x4796",4584.31007279241,4796.33328251839
"4616x2498",4616.43736083741,2497.58679906841
"4588x762",4587.69997476128,761.910675976949
"4611x1566",4611.30736485369,1565.82067283849
"4622x3547",4621.56276129636,3547.43703802803
"4602x4420",4602.12366823233,4419.51065414137
"4616x5789",4616.20049813201,5789.13703611457
"4617x1013",4616.7946401825,1013.23568449432
"4629x4923",4628.99319673443,4923.34792700496
"4656x3179",4655.96128178745,3179.14711156843
"4647x2153",4646.58614477985,2152.92390437222
"4673x4241",4673.31838888638,4240.87429525055
"4718x4341",4717.93601946998,4341.15981611682
"4692x1224",4691.72204120244,1223.85295354215
"4705x4522",4704.99176907025,4521.94626709947
"4729x5381",4729.08678044547,5380.68607977373
"4713x5931",4712.89561904762,5931.10835978836
"4738x3416",4737.9337912477,3416.04007930888
"4730x2345",4729.58529642018,2344.53167034375
"4771x3846",4771.13050856736,3845.77560628456
"4747x1483",4747.14088121439,1482.67787395068
"4760x5551",4759.65005156411,5550.86448187617
"4789x834",4788.78425309762,834.382267930362
"4796x6269",4795.83802185043,6269.06201509474
"4787x335",4786.86688076496,334.880402762351
"4831x5702",4831.27309816721,5702.14448907858
"4805x3969",4805.21438341751,3968.90219907407
"4785x1351",4785.27403069467,1351.04220516963
"4824x4588",4824.12437039907,4587.90860131732
"4832x5816",4832.22805436389,5815.77872309744
"4837x5961",4837.29680153248,5960.90735473385
"4834x1072",4834.26073850791,1072.1451787294
"4843x1919",4842.88568171553,1918.89383348031
"4852x2271",4851.94490497942,2270.76935656685
"4849x5153",4848.53483870968,5152.93122580645
"4894x6374",4894.25717755496,6373.78093666314
"4862x2753",4861.6880045135,2753.34840725631
"4897x85",4897.15837234657,84.7965433207208
"4867x3356",4866.78228367616,3356.01309424928
"4895x1559",4895.27706698204,1558.68268644949
"4887x3710",4887.19989270706,3709.76562453432
"4889x3549",4888.62130684251,3548.54877108846
"4886x6070",4885.84140531957,6070.12236998809
"4921x4079",4920.99982375128,4078.92569353872
"4907x3227",4906.50835494706,3227.38402993325
"4915x5499",4914.92677760039,5499.01961807688
"4911x3096",4910.86329672124,3095.89869748071
"4880x4307",4879.69095617399,4306.59215917658
"4884x2947",4883.53425019836,2947.18030944195
"4944x5230",4944.15390810444,5229.94332824686
"4958x6105",4957.86680979644,6104.81743002544
"4947x4907",4947.42049053739,4906.97652016857
"4956x4497",4955.57570120206,4497.40920148827
"4995x2631",4994.77591771405,2631.22208811104
"5018x6547",5018.31820276498,6547.01102150538
"5000x3469",5000.41698414649,3469.26238171316
"4986x1216",4986.03171658018,1215.78549270867
"5023x783",5023.42945679912,782.737392149714
"5040x1067",5040.37202638408,1067.39511245675
"5051x3353",5050.71006193264,3353.48553491134
"5048x5949",5048.34991523371,5948.74323080649
"5091x630",5090.88997729484,629.664028543626
"5078x5550",5077.72668170753,5550.12488867779
"5116x1531",5116.01012182556,1530.82171646766
"5118x880",5117.80821030222,880.173508585181
"5129x6037",5129.01778547975,6037.39547610361
"5154x4778",5154.426561541,4777.78197441103
"5138x4913",5137.61989861232,4912.56654206565
"5184x994",5183.54479575352,994.053404108008
"5172x5235",5172.4494485078,5234.50901907293
"5190x3948",5190.49961757753,3948.11392713114
"5203x1124",5202.56377363533,1124.16172245607
"5219x1892",5219.1369835936,1891.69407656322
"5211x2607",5210.75842113073,2606.89102240689
"5203x2895",5202.83892760936,2894.8003591739
"5213x2740",5213.43003369572,2740.13347956005
"5207x385",5206.91042877907,384.923691860465
"5219x166",5218.9946504706,165.961990185826
"5247x1284",5247.4102749429,1283.59435080517
"5227x2273",5227.3107239849,2272.87030535868
"5218x6328",5217.95657044102,6328.42805479101
"5262x1801",5262.30989656699,1800.53974322856
"5252x5910",5252.14031335489,5910.42556577966
"5271x3021",5271.36307519641,3021.25247423732
"5277x6161",5277.11796747335,6161.40759473971
"5275x3504",5275.02580203777,3504.03655288685
"5314x4858",5313.76368620835,4858.34099536061
"5272x5434",5271.6327757449,5433.55650810246
"5298x4727",5298.41334215347,4727.06579483004
"5304x1513",5304.25351331361,1512.86978550296
"5333x95",5333.33588937372,95.3912666837782
"5343x5027",5343.19572830859,5027.33857840478
"5382x6558",5382.15898926655,6557.78387745975
"5331x2045",5331.36577692073,2045.49883284279
"5331x3871",5331.48679529569,3870.96794040095
"5349x6081",5349.16247582205,6081.37645067698
"5352x2839",5351.82124664619,2838.92965742505
"5405x648",5404.5802860102,648.37065806246
"5357x6253",5356.51966476262,6252.56629834254
"5362x2282",5362.23857690966,2282.14405301709
"5380x4618",5380.39450579467,4617.96238342373
"5389x4497",5389.01557658142,4497.48795603851
"5387x1744",5386.7492206306,1744.16191152677
"5426x4374",5426.31407804132,4373.92512346108
"5479x5613",5479.49097027258,5612.5511219959
"5459x460",5459.4824939578,459.94094976811
"5451x1607",5450.5291413117,1607.29172864548
"5462x6302",5462.2273787501,6301.99786857557
"5501x2039",5501.18460132511,2038.94691950347
"5467x1236",5466.75707782836,1236.02992117242
"5470x3252",5470.31951048406,3251.66279522956
"5478x4734",5478.47435353964,4733.50657058075
"5487x2255",5487.42254183117,2254.9715642038
"5508x5419",5508.46041065557,5419.43404012615
"5508x6144",5508.06547939309,6143.52830087162
"5568x2413",5568.10491016273,2412.56807511737
"5561x766",5561.14949985503,766.473796752682
"5549x3552",5548.55059644567,3551.66006654224
"5582x5828",5581.90128938605,5827.86239433012
"5621x6247",5620.51827795373,6247.29083686725
"5631x4789",5631.38450403027,4788.57687119592
"5645x2275",5644.97458519406,2274.73227317286
"5634x5331",5633.63477509481,5330.66938697134
"5576x4124",5576.20189388463,4123.65275408414
"5628x4930",5627.5714084507,4930.45887323944
"5637x5160",5637.01080218778,5160.2403372835
"5656x1674",5655.72541730267,1674.38463242897
"5740x141",5739.56386571038,141.309030781682
"5684x3412",5684.22098162363,3411.78361246802
"5651x6092",5651.13078948875,6092.49396003893
"5690x6425",5689.6951062306,6425.25242301265
"5696x5779",5696.44416905818,5779.06750587008
"5702x3641",5702.27313885543,3641.18116329899
"5722x5037",5721.87356946255,5037.22848761408
"5763x5238",5763.41218306604,5238.03612958287
"5731x1452",5731.03377535986,1451.5960179833
"5709x2520",5708.74217136667,2520.26514100003
"5722x4370",5722.04312411982,4370.02767099303
"5699x900",5699.09024326445,900.259710959979
"5807x3991",5806.80271526768,3990.59741593223
"5797x924",5797.30977982591,923.821812596006
"5788x2421",5787.51826974745,2421.44024717894
"5800x5890",5800.47134895988,5890.05083592122
"5821x5637",5820.5890841664,5636.62455659465
"5797x521",5797.20837261119,521.454987573914
"5825x6038",5824.61992483973,6038.08783435266
"5809x6336",5808.96816065,6336.42335766423
"5842x5771",5841.69843696908,5770.62827047231
"5843x1342",5842.53893376414,1342.23963381799
"5844x4147",5843.90103183591,4147.01686170882
"5819x3298",5819.07434441023,3297.66405669392
"5848x4403",5848.29365079365,4403.22201058201
"5863x1554",5863.1070712544,1553.86784069358
"5887x718",5886.83820689188,718.043438484736
"5894x4551",5894.34407787993,4550.94991887507
"5916x2031",5916.37733215807,2031.35621419127
"5934x1447",5933.67982234783,1446.53028161906
"5937x2251",5936.56692573402,2250.82320615481
"5913x2816",5913.23980335854,2815.92601891246
"5937x3094",5937.28723266922,3093.69366151728
"6004x5227",6003.50458495262,5226.52947469543
"5983x4699",5982.77007456429,4699.07800920155
"5976x5714",5975.89755398629,5714.46223518575
"5981x1218",5980.86395774299,1217.85157776005
"5999x1645",5999.27391652158,1644.60844195567
"5987x6066",5987.32191195795,6065.88620236531
"6025x2395",6024.96369781312,2395.28500994036
"6028x4283",6027.92860493248,4282.99664255561
"6046x1753",6046.4859559601,1752.50779202869
"6062x5563",6061.57108509603,5563.24398202479
"6041x6230",6040.63660215347,6230.02596429058
"6060x2195",6059.99648486846,2195.25105728566
"6098x3076",6098.39496691154,3076.38840993261
"6093x5764",6092.83795152216,5764.34849361165
"6090x646",6090.09532534157,645.901978746794
"6125x461",6125.15153977198,461.499777224479
"6114x5375",6114.17257559958,5374.90363225582
"6127x3968",6127.27540340166,3967.75124291321
"6139x4103",6139.17168565039,4102.51079211525
"6114x3526",6114.15789151088,3525.94961691695
"6156x6301",6156.08337934843,6301.39260077305
"6166x1119",6165.99560183107,1118.64886455435
"6158x2728",6157.77266720294,2727.74135256263
"6238x3517",6238.3540857896,3517.17464653726
"6236x1766",6235.50188125172,1766.06858156679
"6222x3314",6222.21733530206,3314.1545977192
"6213x4837",6213.07761716779,4837.06571487934
"6229x3008",6228.86246446751,3008.33218747934
"6233x4631",6232.90999611596,4631.00349563928
"6233x3665",6233.01492969157,3665.24199988427
"6259x5022",6258.72842542725,5022.04143166108
"6272x2157",6271.60565224884,2157.2188867827
"6249x6533",6249.28936390575,6532.58750251733
"6283x3756",6282.86091361123,3756.05794878944
"6264x4064",6264.24053326385,4063.81665798159
"6285x2467",6284.9181838176,2467.30045697808
"6311x4309",6311.0434328558,4308.595206855
"6301x5204",6301.34134187578,5204.1219434063
"6307x2310",6306.99727497936,2310.13443435178
"6346x3183",6346.08294834833,3183.48629684949
"6373x762",6372.57894736842,761.803792921795
"6371x4731",6370.52522014522,4731.43716205778
"6361x1674",6361.36161150677,1674.49853372434
"6391x900",6390.57363196325,899.977466021276
"6411x623",6411.36704169424,622.518199867637
"6378x1501",6377.86104170671,1501.31738099814
"6401x5086",6401.28550488599,5085.58846905537
"6423x3344",6423.4606949587,3343.86663343777
"6435x3831",6434.99343843579,3831.17029240796
"6439x2636",6438.64625896057,2635.77502240143
"6450x117",6450.05075751327,117.094118617504
"6469x2227",6468.74351752374,2226.97110833648
"6450x3676",6449.64229847802,3676.00450958286
"6475x5395",6474.58300422171,5395.22892550729
"6501x1623",6500.92344141604,1623.14230889724
"6509x2951",6508.9475472864,2951.29281521403
"6512x3146",6512.06104470519,3146.16467448916
"6546x3981",6546.42767131167,3980.87597061361
"6520x4977",6520.29875660858,4977.04900137067
"6552x6556",6551.78020622191,6556.13448488587
"6574x2749",6573.63871281117,2749.02710382514
"6575x4808",6574.77311715103,4808.38170895009
"6576x1361",6575.9493932489,1360.78082772508
"6584x3576",6583.86394242649,3575.54756609834
"6617x5999",6616.50894929118,5998.72986696689
"6604x5358",6603.56399839099,5358.11488334674
"6616x5125",6615.72609751865,5124.90452021517
"6609x2279",6609.10033542365,2279.45169170191
"6642x4936",6641.56169720582,4935.8794667316
"6642x1518",6641.77313069548,1518.36020659562
"6667x688",6666.79902650951,688.37801198761
"6687x4142",6687.31700929215,4141.78330283787
"6714x307",6713.82291108012,306.796631985412
"6716x3101",6716.3653254303,3101.17314487633
"6712x999",6711.50988985417,999.154863481229
"6699x1722",6698.64125751989,1722.0831748496
"6695x3510",6695.07006118019,3510.49585553582
"6727x1151",6726.5494501398,1150.83571295433
"6755x1963",6754.76194679107,1962.75778590342
"6752x158",6752.38679935607,158.133726035416
"6764x4555",6764.10155030114,4554.57567477136
"6768x5494",6767.74563882398,5494.46913211239
"6771x6251",6771.27980632298,6250.68749643976
"6789x771",6788.6392092257,770.53398942166
"6787x2109",6786.59549430495,2109.02070354289
"6806x2756",6805.51291037623,2755.58153606518
"6789x1406",6789.47825601311,1405.92840122124
"6789x1259",6789.04402786138,1258.78934846791
"6810x4013",6809.52670424465,4012.70882252188
"6807x59",6807.04607608062,58.5851856652194
"6824x4742",6824.46509684397,4741.90251695998
"6836x6395",6835.7358713429,6394.63753104367
"6850x992",6849.69369336451,991.865719087986
"6866x4229",6866.22676253946,4229.35183561324
"6845x4876",6844.56450212692,4876.08755100269
"6864x3224",6864.285942755,3224.28399068652
"6876x2153",6876.06226484353,2152.86037441498
"6899x1850",6899.31205914847,1850.05668394663
"6905x5721",6905.11924375422,5720.92383524646
"6931x3426",6931.24119166205,3425.51561827461
"6922x5068",6922.41442280149,5067.91248925809
"6924x5254",6923.55455543359,5254.05444566411
"6918x6545",6917.5231933326,6545.06541287422
"6932x361",6932.12420522934,361.262690829962
"6945x2735",6944.70992816829,2734.95672139559
"6961x4096",6960.94335316347,4096.04482358664
"6964x2485",6963.89574764285,2485.41897108144
"6972x1631",6971.63001821662,1631.01971545184
"6991x5422",6990.60502294619,5422.16864188814
"6982x980",6982.16383214715,979.57976707644
"7008x4554",7007.50029308324,4554.01301289566
"7009x6175",7008.81104851899,6175.13985099037
"7024x4770",7024.10111621799,4769.80984898227
"7050x5272",7049.85504995234,5272.170720514
"7033x1292",7033.16712801198,1292.02668239779
"7050x4897",7049.50649971325,4897.48738290958
"7042x6403",7041.77484366504,6402.84801522567
"7048x4643",7048.208510223,4643.35983018592
"7045x439",7044.59246036316,438.68190717494
"7038x3002",7038.06564448083,3002.45598513947
"7037x147",7036.80023319083,146.67534654748
"7060x3565",7059.81096859069,3565.21546620622
"7103x890",7102.67908563183,889.560624446558
"7097x2752",7096.65151360718,2751.60770563653
"7069x3981",7068.74006837917,3981.0608453602
"7120x6537",7120.18949287495,6537.28191390408
"7075x3659",7074.6779511593,3658.90033500838
"7118x6084",7118.22953355937,6084.04973830607
"7130x1884",7129.75180257192,1883.77093089522
"7143x277",7142.67663765845,276.897529171447
"7149x4408",7149.23248955517,4408.49960063898
"7202x5467",7202.20708960395,5466.74959119758
"7216x4991",7216.06826235984,4991.33582176262
"7243x6120",7242.90078181672,6119.79817844765
"7249x499",7249.21341360014,499.369340342547
"7224x3868",7223.78182398129,3868.11748757343
"7250x3638",7250.30484465508,3637.70347551343
"7232x4642",7232.32948666932,4641.77397532829
"7242x4827",7242.06954475371,4826.8619654305
"7238x977",7238.45618209572,976.840441770674
"7259x2064",7259.09242548537,2063.88606325768
"7249x3429",7248.59685639182,3428.61166246446
"7212x5906",7212.37121062992,5906.01496062992
"7252x4552",7251.88518889299,4551.54786869698
"7280x1467",7279.51962288271,1466.74781080217
"7338x188",7337.88040796184,187.760651422931
"7314x1699",7314.39277608456,1698.58699176448
"7332x3404",7332.49365903481,3404.35083836922
"7342x2872",7341.73614263748,2871.67284176613
"7353x5189",7353.10381000336,5188.5850397225
"7385x864",7384.73544266588,864.187060741295
"7396x4773",7395.57529245213,4773.13657700618
"7421x5744",7420.64265115102,5744.40283329117
"7422x697",7422.40703629481,696.9638833222
"7423x3354",7422.50396112813,3353.91301362628
"7414x2226",7414.39368877224,2225.74144718772
"7414x4227",7414.4210930304,4227.33531624194
"7437x5847",7436.80492063492,5846.95957671958
"7438x5959",7437.9374969694,5959.19875866751
"7440x6390",7440.31771058315,6390.33110151188
"7439x391",7438.59907811975,390.812839103087
"7460x1238",7459.53873232145,1238.00461764645
"7450x2057",7450.31981925963,2056.93736268292
"7455x5420",7454.72305222316,5420.19413102618
"7440x5642",7440.45683050316,5641.59447107845
"7458x2570",7458.07232647112,2570.33649116415
"7470x3052",7469.82148576512,3052.49354982206
"7484x4921",7484.14663448927,4920.59519437595
"7497x6314",7496.66887295459,6314.27560213275
"7496x277",7496.16797548362,277.05463512737
"7493x1825",7492.57908912831,1824.71225106105
"7572x513",7571.90741716206,512.74317104372
"7540x5305",7540.01691512017,5305.23379981746
"7522x4094",7521.94495931284,4094.12273960217
"7531x2753",7530.92713483998,2753.23082056727
"7535x5149",7534.55337359665,5149.49334914224
"7534x2926",7533.8979585327,2925.85754385965
"7554x3279",7554.03382409752,3279.28007898013
"7550x4403",7550.14365632697,4403.44512169666
"7570x5584",7569.51939048895,5584.41205626256
"7553x4243",7553.40244107273,4242.87660265383
"7564x4666",7564.42518028846,4665.65012019231
"7615x682",7615.09019857148,682.41739276766
"7573x2178",7572.93095634316,2177.53163615763
"7586x213",7586.10571758246,212.776230453985
"7579x3986",7579.0407190022,3986.31191698983
"7589x2387",7589.01281828704,2387.43683449074
"7565x60",7565.26270743011,59.8616011361937
"7577x1033",7577.13168220485,1032.62024044951
"7638x3438",7637.95022469993,3438.17401444906
"7644x2004",7643.51186895109,2003.84563824222
"7656x4279",7655.53740893877,4278.99748966332
"7668x3002",7667.65933653813,3002.12618049163
"7664x3901",7663.83264842652,3900.74548502217
"7647x3697",7646.50742950743,3697.25403650404
"7708x2506",7707.94560248674,2505.99238130066
"7692x1800",7691.73560536904,1800.10778645569
"7724x4516",7723.60099775505,4516.29134447493
"7755x4917",7755.00612261021,4917.43344130194
"7785x5059",7784.83229550557,5058.96920404965
"7740x3796",7740.14734816082,3796.27352437981
"7756x3150",7755.73455603215,3149.72992160923
"7762x1692",7761.77362095532,1691.94520801233
"7760x1129",7759.72967696784,1128.87631220303
"7759x3368",7758.61184145982,3367.97714117532
"7783x6514",7783.18655314887,6513.5728371103
"7766x1318",7765.90189404765,1318.28530229416
"7774x4780",7773.79074497839,4779.84268642621
"7796x1009",7795.97371769773,1008.98076546594
"7814x2021",7814.32240057765,2021.04957231726
"7807x2348",7807.08521391631,2347.6369887165
"7824x2843",7824.09135471071,2843.3798908762
"7848x5721",7848.42568933626,5720.7388480234
"7875x4710",7874.68033285975,4709.92953115486
"7885x6398",7884.59229215229,6397.54878010878
"7896x3771",7895.79324367853,3770.81289257529
"7862x6137",7862.28633122426,6137.47946168525
"7873x2531",7873.47285262856,2531.35686584315
"7921x3365",7921.13094173889,3364.53239535155
"7961x6125",7961.04845183486,6125.14564220183
"7927x607",7927.47173748786,607.012521138416
"7935x103",7934.62025998518,102.715767495117
"7952x2990",7952.30048886475,2990.214412457
"7962x4469",7961.65455163043,4469.47969235248
"7977x1732",7976.8601665162,1732.03012672618
"7956x422",7956.28682864927,422.250699809652
"7948x1383",7947.62678133907,1383.37041852093
"7969x4136",7968.65858384543,4136.34036428057
"8005x5806",8005.34270194847,5805.68849354662
"8017x1272",8016.95263268083,1272.34266722496
"8027x1173",8026.64850555081,1173.12621690863
"8007x4013",8006.76766641032,4012.65282406221
"8061x4757",8060.82498526812,4756.70277865917
"8039x3877",8038.65751757707,3877.04286100595
"8068x5356",8067.64858983287,5355.93458391365
"8025x314",8025.30856032737,314.080891166866
"8076x575",8075.51223427332,575.171973969631
"8072x1434",8072.18256350522,1434.01657631827
"8052x726",8051.8219367885,725.843843618934
"8068x4145",8067.76861744538,4145.1692712486
"8081x5672",8080.87979420019,5671.80606344077
"8084x1098",8083.79112441437,1097.52765486726
"8099x4982",8099.05946226854,4981.87954377615
"8105x4007",8104.77545348157,4006.5606348742
"8076x5960",8076.19261719847,5959.50603537008
"8100x861",8100.08409431138,860.907185628742
"8071x6544",8070.58055283278,6544.06775142129
"8128x1008",8128.36137018823,1007.71109603753
"8158x3850",8158.09603861518,3850.07901964048
"8125x6098",8125.32068057684,6098.16766867068
"8165x2812",8164.6852162119,2812.01874900271
"8163x5858",8162.55317107215,5857.9362732269
"8159x451",8158.7253348816,450.974121842989
"8170x1870",8170.21489920679,1870.2536502804
"8135x4559",8134.97785676204,4559.19943131331
"8170x3230",8170.42170532674,3230.47516545653
"8197x6380",8197.4437033925,6380.29592479782
"8206x2642",8205.79016214743,2642.29892355907
"8208x2333",8208.45950008093,2332.62744236594
"8216x5718",8216.45833027657,5718.17111730614
"8207x5398",8206.92324101153,5397.93136074316
"8224x730",8223.6667927773,730.046534823732
"8337x1658",8336.54744525547,1658.36939255227
"8280x3143",8279.87081987707,3142.53864985936
"8277x507",8276.95062842411,506.640219142765
"8296x6129",8296.4400154136,6129.45619969173
"8310x1108",8310.34779658311,1107.60813507904
"8305x4147",8304.70778667575,4146.77675924348
"8296x5507",8295.93386657393,5506.97565640758
"8332x3267",8331.57058708987,3267.25425956577
"8332x6285",8331.51378504673,6285.4503894081
"8316x6450",8316.37201585797,6449.74808239248
"8311x3961",8311.03376546557,3961.04273672795
"8327x5907",8326.77142450952,5907.26721637759
"8350x5676",8349.51034268879,5676.3214451853
"8336x3842",8335.86068631108,3841.8297898794
"8356x2709",8355.84894771267,2708.52995267593
"8320x3583",8319.65458880854,3582.98486380012
"8350x3000",8350.00122516176,2999.96795436272
"8376x2503",8375.9663351884,2503.11166864337
"8384x5251",8383.58581436077,5251.26589059442
"8386x75",8386.04060858736,74.9570090421788
"8406x4567",8406.01658491007,4567.48675543097
"8401x5508",8400.74639190062,5507.64206218137
"8413x5356",8413.4370743787,5355.90236136906
"8425x6532",8424.69497993548,6532.13541584704
"8427x5135",8427.116832321,5135.06354684336
"8446x3129",8446.08584659688,3128.66848270226
"8467x3936",8466.88468930173,3935.81499039078
"8463x4042",8463.38430063023,4042.20106292917
"8482x1121",8482.26942425936,1121.28993421336
"8472x1003",8472.12010594196,1003.13749424228
"8468x2551",8468.45300247627,2551.12561906727
"8468x4674",8468.48470476642,4673.51711327168
"8496x1362",8495.68702079975,1362.28588841269
"8515x3592",8515.06922657428,3591.90700285503
"8500x1899",8499.61522073618,1898.79875330414
"8585x38",8584.76250263769,38.3768727579658
"8561x473",8561.41860624315,472.847754654984
"8541x6083",8541.0628758134,6083.09192498833
"8552x1527",8552.3708929043,1527.3874155947
"8571x2937",8570.92287755231,2937.03514760731
"8573x779",8572.6152601027,778.534773386917
"8593x1722",8592.92256406695,1721.75581637614
"8607x3234",8606.89196099823,3233.93969044047
"8618x195",8618.32221246708,194.627487562189
"8629x5202",8628.53759300692,5201.73245226078
"8641x395",8640.92963143855,395.38208663636
"8638x4918",8637.72280768499,4918.4305497432
"8653x882",8652.55592203898,882.066926536732
"8644x2558",8643.83738206037,2558.3860308244
"8653x1383",8652.95205905528,1382.59801766682
"8682x4779",8682.06524218691,4779.01022735914
"8665x5073",8664.70636623748,5073.10805615165
"8701x1955",8700.76569154229,1954.91777114428
"8692x3108",8692.01846224414,3108.39126196892
"8704x2410",8703.52771244731,2409.8113601065
"8703x4279",8703.47306121715,4278.62183165734
"8704x765",8703.739643734,765.441728046806
"8688x1123",8687.71704282922,1123.04460636218
"8714x5636",8714.36360154591,5635.52529508026
"8746x2070",8745.91591614319,2070.2105502157
"8771x2725",8770.93550216323,2724.67677573823
"8730x3749",8730.04582297135,3749.23574652298
"8724x592",8723.99962483587,591.698368036016
"8736x5500",8735.61617148144,5500.20890305336
"8720x6292",8719.52123152709,6291.78096059113
"8699x6526",8698.58844649425,6526.27494307899
"8767x1277",8766.56229608483,1276.70019371941
"8769x2264",8769.08666365751,2264.39481268012
"8789x3026",8788.65854020374,3025.8585204233
"8789x2897",8788.89404068209,2897.22786258178
"8810x407",8809.63773159996,407.275838536868
"8806x4015",8806.14401947594,4015.15651226856
"8837x940",8836.59186637618,940.042912788011
"8849x6554",8848.70213643488,6553.75525859936
"8850x3143",8850.21430741191,3143.27339003645
"8854x3721",8853.63681356516,3721.11426235152
"8851x4898",8851.06785287478,4897.50598858053
"8878x5486",8877.87483079526,5485.59581218274
"8863x3423",8863.37863325152,3423.23918098437
"8879x6106",8879.23829293937,6105.9001428841
"8891x5084",8890.6011778563,5083.98497055359
"8851x72",8851.18456624206,72.1735031747887
"8946x1526",8946.22261640798,1525.55562453806
"8919x5293",8918.5415915967,5293.2244960397
"8907x1343",8907.41835599727,1343.15643500413
"8945x2067",8945.13328976881,2067.35647551262
"8943x6349",8942.57310636052,6348.9270695874
"8961x922",8961.27306028776,921.91164268691
"8972x2462",8971.83894940916,2461.88247784343
"8964x670",8963.64276438174,669.619142887228
"8971x1181",8971.45633039946,1181.2859560886
"8976x3205",8976.23702362898,3205.08923242503
"8975x3441",8974.51655453727,3440.65683106426
"8988x329",8987.64476021314,328.790878696061
"9005x6230",9005.00385741839,6230.09754268162
"9008x5032",9007.63219419431,5032.08540746127
"9033x5813",9033.1784467516,5813.30906288253
"9010x3027",9010.10343120265,3027.43466851513
"9050x5689",9050.01169156537,5689.1232253874
"9046x2737",9046.17436904094,2737.03942793045
"9037x3605",9036.55781671736,3604.54389272096
"9094x1087",9093.94664221465,1087.07025587285
"9075x1437",9074.877684747,1436.5251043096
"9078x6078",9078.37616116089,6077.82976969164
"9092x223",9091.61236310025,223.211720724516
"9100x3472",9099.9884389601,3471.89996405894
"9065x4162",9065.49950376097,4161.9252507313
"9086x4696",9086.14176336314,4696.02672626974
"9095x3162",9094.92605108836,3162.1273233277
"9105x3971",9105.16066824237,3970.66448216588
"9121x88",9120.58960360003,88.4847462113692
"9175x349",9175.26029188203,348.710337488598
"9108x837",9107.86410776997,836.72357879719
"9120x2116",9120.14291855557,2115.96615601063
"9126x3707",9126.03854365659,3707.42369929206
"9124x2441",9124.23219562648,2441.00144060284
"9123x4440",9123.24778720477,4440.02958037147
"9177x2676",9177.06593089102,2675.64393851843
"9170x6314",9170.12077428275,6314.31040442447
"9179x1988",9178.71166854566,1988.1035794814
"9209x1739",9208.86206336312,1738.95426482535
"9184x4655",9183.58199895948,4654.83553962657
"9199x1157",9198.53030014836,1157.31837029711
"9190x2194",9189.88763186057,2194.27340365897
"9238x1415",9237.77455672795,1415.45148482541
"9246x4814",9245.65422222222,4813.52064646465
"9234x4505",9233.69767203888,4504.76321309798
"9200x4338",9199.83600068103,4338.49050821486
"9233x4048",9232.88163265306,4048.16483843537
"9234x834",9233.8088255637,834.073177479596
"9255x2298",9255.03490732857,2297.81753880411
"9248x5569",9248.07574535364,5568.73672237997
"9258x2518",9258.36231608923,2517.75277645942
"9271x1266",9270.9062679447,1265.65621273024
"9284x4627",9284.33746355685,4627.21428571429
"9297x1860",9296.72966068152,1859.88712173006
"9330x856",9330.48444986891,855.879441280174
"9284x6555",9284.33026590338,6554.56438927826
"9334x2619",9333.78150174799,2618.73461012312
"9348x1021",9347.68011399931,1020.77885607587
"9354x3386",9353.75202533207,3386.35526586339
"9372x4161",9371.53530680395,4160.91101989704
"9365x4441",9365.00410215694,4440.64156852366
"9374x4602",9373.85546818116,4602.22222222222
"9379x2266",9378.69052332055,2265.73623654584
"9391x2515",9390.86192899942,2514.9502609368
"9391x1245",9390.89412526823,1245.08927486943
"9398x6216",9397.96606207343,6216.38972261067
"9447x1744",9447.29380496762,1744.37460133372
"9423x3242",9422.65685279188,3242.38020304569
"9414x4315",9414.04922322159,4315.25124011992
"9390x4905",9390.19665343303,4904.98029568649
"9464x2170",9464.45290259898,2169.85120233179
"9452x6548",9451.53879026956,6548.33026517642
"9452x2382",9452.10040628864,2382.30870870871
"9446x3049",9445.98162643543,3049.13794234825
"9471x3785",9471.2710000748,3784.88765053482
"9474x336",9474.39988624976,335.676109741895
"9513x4357",9512.66090516261,4356.94132362975
"9529x4104",9528.65077964944,4104.1636410198
"9527x2731",9526.62556435497,2731.09177707054
"9544x3436",9544.44364735607,3436.44522649341
"9508x4563",9507.63901818037,4563.40255400406
"9499x4730",9499.169382632,4730.24213930137
"9531x2962",9531.22469079249,2962.32283554741
"9565x763",9565.00895092639,762.993052078117
"9559x444",9558.76974149843,444.491220383539
"9609x1272",9608.50854308286,1271.71710453794
"9584x5768",9584.37448612539,5768.10273210003
"9574x6229",9573.72653649168,6229.45928297055
"9589x621",9589.05416143873,621.298410706817
"9608x1530",9607.6712912193,1530.27665706052
"9617x2001",9616.54578202777,2000.80740764999
"9660x3256",9659.73540625822,3255.75805285301
"9604x5606",9603.74034786869,5605.77060264576
"9629x853",9629.30882051282,852.949333333333
"9629x2500",9628.57273076712,2500.32071275603
"9631x2682",9631.21219758065,2682.28049395161
"9649x4704",9648.62195439175,4703.53000086708
"9642x5893",9641.70461652621,5893.11724174485
"9650x4538",9649.69754260499,4537.9513846622
"9664x2147",9663.99373146401,2146.60201536802
"9640x6023",9640.39031014068,6023.29824561404
"9647x6532",9646.88572970281,6531.79993358791
"9622x1091",9621.679162476,1091.45250068575
"9689x3829",9688.54429230799,3828.76238388598
"9651x4969",9650.68990417522,4968.90506502396
"9657x3565",9657.35472123056,3564.71035292426
"9706x4159",9706.40802891442,4158.62217632632
"9729x681",9729.2518223078,681.396816118828
"9695x4355",9695.19988335719,4355.06595620593
"9717x6162",9716.73952226792,6162.17004987313
"9705x1826",9705.1144094823,1826.13468693526
"9744x2854",9744.23151075808,2853.91983496568
"9748x500",9747.57300783049,499.999769691386
"9762x2630",9762.31839984651,2630.2989575339
"9739x2403",9739.18130055583,2402.83144290298
"9761x4468",9761.2757016071,4467.65372991125
"9744x6392",9743.90268089439,6392.05953772482
"9783x6010",9782.96909962706,6009.83101661258
"9801x5228",9800.92561756947,5227.53085277692
"9796x5819",9796.39385014138,5818.96774858624
"9788x1344",9788.44609856263,1344.02548067948
"9808x839",9808.32834364806,838.783055394653
"9817x6537",9816.66591166478,6537.27602578622
"9786x2247",9785.86370647863,2246.93240414279
"9827x3096",9827.49728722072,3096.03639297738
"9841x2333",9840.96446418656,2332.9777901166
"9851x1706",9851.20751040888,1706.47811465784
"9819x1949",9818.95277935337,1949.15437700889
"9854x5459",9853.77105203363,5458.66584867076
"9875x550",9874.88917471174,549.81735919862
"9866x973",9866.31473726194,973.341808754612
"9859x3638",9859.11091828491,3637.76939648724
"9882x4379",9881.65224609051,4378.76997908297
"9873x2765",9873.27319352054,2765.01640176713
"9907x1103",9907.2996984229,1102.79364216147
"9865x3377",9864.98838834313,3377.08335731021
"9875x3907",9874.97710458687,3906.67637515251
"9871x5642",9871.32977181208,5641.60198657718
"9893x6295",9893.29085283311,6295.11823631793
"9910x6017",9910.28164668993,6016.92363323724
"9909x2871",9908.92746858169,2870.8500128238
"9926x4209",9926.48181049069,4208.79370241117
"9925x1328",9925.22315947718,1327.85041967679
"9979x2256",9979.43661213947,2255.89824580284
"9979x4103",9978.68769312263,4102.63582590271
"9980x2535",9980.09539883464,2535.23853727145
"9964x4998",9964.39310110258,4997.7284940903
"10018x5573",10018.303030303,5573.46115995805
"9977x6396",9976.71411254604,6395.9951512891
"10001x1559",10000.9875794795,1558.64618301015
"9989x3548",9988.9053977807,3548.16908030844
"9975x2959",9974.57354813222,2959.44616127475
"10018x3838",10018.4088682079,3838.00955265037
"10004x949",10004.1432437851,949.337342956429
"10016x2051",10015.5189158127,2051.28684991859
"10017x491",10017.4813768085,490.775298435061
"10014x4670",10014.1173311299,4670.10984300764
"10074x4913",10074.2115810708,4912.52061906809
"10046x6467",10046.2730753126,6467.37871627684
"10061x2418",10061.0400964889,2417.97657464487
"10088x4442",10087.7304024768,4442.30882972136
"10090x727",10090.0988250608,726.879114856301
"10135x1220",10135.0762689379,1220.33016264693
"10083x3681",10083.0899624887,3681.10354417281
"10086x2185",10086.0202983011,2184.66070723034
"10106x382",10105.6632710308,381.882215726223
"10157x2755",10156.5644053204,2754.84611600162
"10155x955",10155.2669389376,954.706798264273
"10135x2008",10135.040512686,2008.11542929955
"10119x4113",10118.593496825,4112.73598642435
"10139x5166",10138.9900652432,5165.89774614472
"10154x1656",10153.9887606814,1655.8648832526
"10164x3769",10163.5564671815,3769.31981981982
"10180x2570",10180.4842034694,2569.57015559094
"10191x229",10191.4395888827,229.416168266573
"10186x3578",10185.7858433102,3578.13371140517
"10169x5842",10168.8992585519,5841.50985788912
"10200x6314",10199.9182739354,6313.93140566306
"10208x2218",10208.0690439504,2217.60349255265
"10226x535",10226.4391324271,534.830864008961
"10213x5549",10213.2911532694,5549.11738053328
"10241x2393",10240.7964658293,2393.04584486552
"10212x3990",10211.9486067143,3989.94383866807
"10228x4738",10228.1269465735,4738.14904960218
"10242x5101",10242.4783674339,5100.5421728474
"10245x3227",10244.5100736418,3227.44382381548
"10254x3792",10253.7365551592,3791.51733189742
"10213x69",10212.8998205071,69.1137985191833
"10255x3020",10254.8720150172,3020.23541358936
"10279x820",10279.0319775596,819.520652173913
"10272x2035",10272.0812864016,2034.93006668355
"10298x3506",10298.1975982881,3505.9310785347
"10306x5941",10306.4816988221,5940.91763414531
"10369x4087",10369.2592125283,4086.60064200096
"10297x3882",10296.5451016743,3881.5530965761
"10351x3675",10350.9693786863,3674.89436050739
"10365x4263",10365.2022131088,4262.79997088015
"10363x5084",10362.6522802726,5083.91301182364
"10362x2245",10362.2941876464,2245.1564463947
"10382x6516",10381.9932783942,6516.00764237374
"10394x5827",10394.2206422182,5826.59952243487
"10396x2993",10395.6270813907,2993.30165179166
"10379x5459",10378.718891019,5459.07093349064
"10434x2562",10433.7708196721,2561.82459016393
"10403x1965",10403.2204642085,1964.65741966962
"10392x4422",10392.3581374409,4422.27722931472
"10379x4617",10378.8880104305,4616.76148468708
"10457x3475",10457.1630542003,3475.41134127809
"10445x5677",10444.9230165458,5676.87774324197
"10473x3304",10473.3750727731,3303.81622355909
"10478x1751",10478.399443517,1751.29092932666
"10477x1873",10477.3418394073,1873.00134700292
"10488x5375",10488.2360757344,5374.91377992868
"10462x6005",10462.4799505785,6005.41839829271
"10500x2780",10499.624615303,2780.05205348615
"10513x2957",10512.6409322261,2957.4625770158
"10546x4435",10545.8938676306,4434.65062944036
"10541x360",10540.6029904615,360.109048723898
"10515x4946",10515.4943159426,4946.38284778852
"10539x1059",10538.5282308155,1059.09224604288
"10540x6323",10540.0272128248,6322.60686881365
"10543x4630",10543.2323000666,4630.09943034697
"10541x6155",10540.9353452685,6154.72639386189
"10549x652",10548.5003092758,652.175742880471
"10582x2103",10582.1354639465,2102.84792475785
"10548x2321",10547.9540340909,2321.04758522727
"10618x1788",10617.5037286992,1788.3932849671
"10603x3345",10603.0113269196,3344.90698856417
"10604x5183",10604.4703632887,5183.15342626288
"10608x198",10608.4197950149,198.348929589423
"10597x2595",10596.9650888548,2594.92620118473
"10645x4949",10645.1344223835,4948.68062736238
"10678x4759",10677.9887060467,4758.93499184972
"10701x5274",10701.1102826359,5273.75952529669
"10712x1935",10711.6914455131,1935.05419770048
"10766x6412",10766.4676874232,6411.67072920934
"10794x5447",10794.0809652009,5446.79838468442
"10780x775",10779.6657515827,774.957252507143
"10776x5833",10775.7004037987,5833.29596949076
"10804x5982",10803.6635783101,5981.55918939869
"10780x2707",10780.221176009,2707.21514393605
"10897x5563",10896.6354993849,5562.79524102449
"10909x6515",10909.3768139104,6515.32135779582
"10905x1330",10904.846494733,1329.59723937523
"10962x3586",10962.3455987067,3586.1371001886
"10967x5861",10967.3986502347,5860.92115610329
"10939x4234",10939.4325276133,4233.96966543941
"10952x4801",10951.8117925404,4801.27505102988
"11001x4077",11000.7880245237,4076.57927970924
"11004x3906",11003.6610806343,3906.2624182761
"11003x6047",11003.3381246925,6047.37938426935
"10976x1180",10975.8854567822,1179.58277171587
"11008x2790",11008.0545001262,2790.06933223933
"11000x6321",11000.2178011322,6320.88694168314
"11006x2600",11006.2019031707,2599.98841390332
"11048x3474",11048.3126307437,3473.68877587824
"11112x1858",11111.7710570753,1858.42563323202
"11132x4275",11132.349939627,4274.70014757837
"11149x5360",11148.6961031408,5360.19374434535
"11164x6281",11164.3774706915,6281.34552868551
"11157x6116",11156.9488536155,6115.83288468084
"11175x5682",11174.6871746736,5681.84281935319
"11209x4580",11208.5601424877,4580.30966671546
"11226x4774",11225.833317616,4773.85269709544
"11238x5964",11238.2452427365,5963.93548686531
"11279x5252",11278.8853360643,5251.63067061144
"11276x667",11275.8826984178,666.948939311274
"11429x5206",11429.1189732776,5205.54065123069
"11501x71",11501.4374905746,71.2443070426783
"11437x2101",11437.2028419683,2100.93032253526
"11474x5047",11474.0667325088,5046.64499113376
"11570x5875",11570.2888626798,5875.07617594006
"11587x2128",11586.9791869585,2128.46414107756
"11605x3297",11605.4166621644,3297.44497271598
"11549x3628",11549.385333453,3628.44509020734
"11631x2027",11630.9558013766,2027.38087512291
"11605x4925",11605.0535672147,4925.36981829623
"11637x5298",11636.6785714286,5298.46895901218
"11702x4596",11701.6976105082,4596.31967022218
"11831x3904",11830.5685254588,3903.87794003619
"11789x4618",11788.5336180265,4618.26930765037
"11822x4071",11821.8880764904,4070.83756327334
"11845x1465",11845.4484455039,1465.42405031191
"11919x2593",11919.1325913884,2592.79904964362
"11911x3748",11911.0989722508,3747.89301130524
"11953x3129",11953.2665788927,3128.86882405932
"11974x1510",11974.1710585305,1510.18804483188
"11919x6078",11919.3601656605,6077.54437541925
"12039x1940",12038.6124906414,1939.74238832044
"12090x6252",12089.6506281927,6251.55936766533
"12101x3456",12100.7445100229,3455.51565906311
"12121x1107",12121.3798132503,1106.52547799022
"12116x1850",12116.4462739773,1849.68126520681
"12149x4679",12149.2722631321,4678.71958762887
"12140x1251",12139.7783744707,1250.82918516989
